,run_id,time_step,opinion,out_belief,in_belief,group_type,tau,alpha,participation
0,0,0,0.6730228875392001,0.375,0.625,treatment,0.1,0.6,0.0
1,0,0,0.33966215052932447,0.625,0.375,treatment,0.1,0.6,0.0
2,1,1,0.6730228875392001,0.3107494125058996,0.7716448703838197,treatment,0.1,0.6,0.8775510204081632
3,1,1,0.33966215052932447,0.7724380255181278,0.3103991077350759,treatment,0.1,0.6,0.8823529411764706
4,1,2,0.6730228875392001,0.26996355666302957,0.7720139985584652,treatment,0.1,0.6,0.8775510204081632
5,1,2,0.33966215052932447,0.7728029874280141,0.2693909212286829,treatment,0.1,0.6,0.8823529411764706
6,1,3,0.6730228875392001,0.25379375838225815,0.7757469656320799,treatment,0.1,0.6,0.8979591836734694
7,1,3,0.33966215052932447,0.7732024766409438,0.25589162924076303,treatment,0.1,0.6,0.8823529411764706
8,1,4,0.6730228875392001,0.18699581815973307,0.7760478401165116,treatment,0.1,0.6,0.8979591836734694
9,1,4,0.33966215052932447,0.7766965514830975,0.18616347164591696,treatment,0.1,0.6,0.9019607843137255
10,1,5,0.6730228875392001,0.16942881084877434,0.7763105688487475,treatment,0.1,0.6,0.8979591836734694
11,1,5,0.33966215052932447,0.7801216423976459,0.16408572863964366,treatment,0.1,0.6,0.9215686274509803
12,1,6,0.6730228875392001,0.18549445393756192,0.7764925285891872,treatment,0.1,0.6,0.8979591836734694
13,1,6,0.33966215052932447,0.7802898012718944,0.18059748689284316,treatment,0.1,0.6,0.9215686274509803
14,1,7,0.6730228875392001,0.16897007170835043,0.7766983975098035,treatment,0.1,0.6,0.8979591836734694
15,1,7,0.33966215052932447,0.7804265039155316,0.16444099476014032,treatment,0.1,0.6,0.8823529411764706
16,1,8,0.6730228875392001,0.18560375436374,0.7768787441403039,treatment,0.1,0.6,0.8979591836734694
17,1,8,0.33966215052932447,0.7805411505685325,0.18086524850596103,treatment,0.1,0.6,0.8823529411764706
18,1,9,0.6730228875392001,0.1690245867283513,0.7770313873123567,treatment,0.1,0.6,0.8979591836734694
19,1,9,0.33966215052932447,0.7806310885919738,0.16465273104376374,treatment,0.1,0.6,0.8823529411764706
20,1,10,0.6730228875392001,0.18513265127049733,0.7770725761557212,treatment,0.1,0.6,0.8979591836734694
21,1,10,0.33966215052932447,0.7808373096108656,0.18022962370163118,treatment,0.1,0.6,0.9215686274509803
22,1,11,0.6730228875392001,0.16864711350355155,0.7771958041691606,treatment,0.1,0.6,0.8979591836734694
23,1,11,0.33966215052932447,0.7840501700436392,0.15930411292791088,treatment,0.1,0.6,0.9215686274509803
24,1,12,0.6730228875392001,0.18535671639787668,0.7772601396059485,treatment,0.1,0.6,0.8979591836734694
25,1,12,0.33966215052932447,0.7840514000584179,0.17618562511934663,treatment,0.1,0.6,0.9019607843137255
26,1,13,0.6730228875392001,0.1687829527895714,0.777296595460099,treatment,0.1,0.6,0.8979591836734694
27,1,13,0.33966215052932447,0.7840532340106032,0.15994045138788512,treatment,0.1,0.6,0.9019607843137255
28,1,14,0.6730228875392001,0.1851766701533497,0.7773541804678763,treatment,0.1,0.6,0.8979591836734694
29,1,14,0.33966215052932447,0.7841836063358326,0.1759528614433779,treatment,0.1,0.6,0.9215686274509803
30,1,15,0.6730228875392001,0.16878116549575545,0.7773954556659555,treatment,0.1,0.6,0.8979591836734694
31,1,15,0.33966215052932447,0.7841651706658073,0.15957734476500549,treatment,0.1,0.6,0.9019607843137255
32,1,16,0.6730228875392001,0.18536334834259008,0.7774216613951815,treatment,0.1,0.6,0.8979591836734694
33,1,16,0.33966215052932447,0.7841853032024307,0.1762321774196935,treatment,0.1,0.6,0.9019607843137255
34,1,17,0.6730228875392001,0.16882296718697415,0.7775215068749841,treatment,0.1,0.6,0.8979591836734694
35,1,17,0.33966215052932447,0.7842279274739872,0.15970979417446707,treatment,0.1,0.6,0.9019607843137255
36,1,18,0.6730228875392001,0.18511389792811891,0.7775713275176248,treatment,0.1,0.6,0.8979591836734694
37,1,18,0.33966215052932447,0.7843268789464733,0.1760126457886384,treatment,0.1,0.6,0.9215686274509803
38,1,19,0.6730228875392001,0.16859584535244632,0.7776010289091799,treatment,0.1,0.6,0.8979591836734694
39,1,19,0.33966215052932447,0.7843000670739215,0.15951177847639644,treatment,0.1,0.6,0.9019607843137255
40,1,20,0.6730228875392001,0.1852727264259519,0.7775880765429476,treatment,0.1,0.6,0.8979591836734694
41,1,20,0.33966215052932447,0.7842835110580292,0.17628164755747996,treatment,0.1,0.6,0.9215686274509803
42,1,21,0.6730228875392001,0.16871957734868875,0.7776536868543905,treatment,0.1,0.6,0.8979591836734694
43,1,21,0.33966215052932447,0.7842662185328421,0.1601399905149558,treatment,0.1,0.6,0.8823529411764706
44,1,22,0.6730228875392001,0.1853555137114665,0.7776630029422391,treatment,0.1,0.6,0.8979591836734694
45,1,22,0.33966215052932447,0.7842492223966664,0.17653196221007264,treatment,0.1,0.6,0.9019607843137255
46,1,23,0.6730228875392001,0.1687448769279572,0.7776738980240804,treatment,0.1,0.6,0.8979591836734694
47,1,23,0.33966215052932447,0.7842868488852074,0.15945510871800242,treatment,0.1,0.6,0.9215686274509803
48,2,1,0.662931701034228,0.31280109026276565,0.6868801219161946,treatment,0.1,0.6,0.8478260869565217
49,2,1,0.30881736917357555,0.6830646712944323,0.31652687092842935,treatment,0.1,0.6,0.7962962962962963
50,2,2,0.662931701034228,0.2705347650333124,0.7288886795675507,treatment,0.1,0.6,0.8695652173913043
51,2,2,0.30881736917357555,0.7223077079688695,0.27696824837348755,treatment,0.1,0.6,0.8148148148148148
52,2,3,0.662931701034228,0.2541135539509208,0.7454684855060318,treatment,0.1,0.6,0.8913043478260869
53,2,3,0.30881736917357555,0.7376533881266468,0.26172075652770677,treatment,0.1,0.6,0.8333333333333334
54,2,4,0.662931701034228,0.1832278164156896,0.8162053634162068,treatment,0.1,0.6,0.9130434782608695
55,2,4,0.30881736917357555,0.807348535092286,0.19189536625078266,treatment,0.1,0.6,0.8703703703703703
56,2,5,0.662931701034228,0.1652507142709953,0.8341076602642334,treatment,0.1,0.6,0.9130434782608695
57,2,5,0.30881736917357555,0.8244647037032037,0.17467145294501704,treatment,0.1,0.6,0.8703703703703703
58,2,6,0.662931701034228,0.18189841419214997,0.8176101383634521,treatment,0.1,0.6,0.9130434782608695
59,2,6,0.30881736917357555,0.8087786901890119,0.19047147710596019,treatment,0.1,0.6,0.8703703703703703
60,2,7,0.662931701034228,0.16447598456573456,0.8345965128862065,treatment,0.1,0.6,0.9130434782608695
61,2,7,0.30881736917357555,0.8250042726883652,0.17380637075402536,treatment,0.1,0.6,0.8703703703703703
62,2,8,0.662931701034228,0.18135296814394566,0.8178841703170194,treatment,0.1,0.6,0.9130434782608695
63,2,8,0.30881736917357555,0.8091006049300022,0.18984711070164176,treatment,0.1,0.6,0.8703703703703703
64,2,9,0.662931701034228,0.16430552115644764,0.8348059041550356,treatment,0.1,0.6,0.9130434782608695
65,2,9,0.30881736917357555,0.8252548064968197,0.17355625504180924,treatment,0.1,0.6,0.8703703703703703
66,2,10,0.662931701034228,0.18109752988089728,0.818055053460009,treatment,0.1,0.6,0.9130434782608695
67,2,10,0.30881736917357555,0.8093068516691538,0.18952903020801257,treatment,0.1,0.6,0.8703703703703703
68,2,11,0.662931701034228,0.16430267943249727,0.8347402555568761,treatment,0.1,0.6,0.9130434782608695
69,2,11,0.30881736917357555,0.825229573994166,0.17348929198782873,treatment,0.1,0.6,0.8703703703703703
70,2,12,0.662931701034228,0.1810763295204328,0.8180041242625684,treatment,0.1,0.6,0.9130434782608695
71,2,12,0.30881736917357555,0.8092908154090449,0.1894528851659251,treatment,0.1,0.6,0.8703703703703703
72,2,13,0.662931701034228,0.1642153723787787,0.8347978585924217,treatment,0.1,0.6,0.9130434782608695
73,2,13,0.30881736917357555,0.8253130449548484,0.17335692990040824,treatment,0.1,0.6,0.8703703703703703
74,2,14,0.662931701034228,0.18110393561493107,0.8179541779639226,treatment,0.1,0.6,0.9130434782608695
75,2,14,0.30881736917357555,0.809268491076766,0.18943569561829804,treatment,0.1,0.6,0.8703703703703703
76,2,15,0.662931701034228,0.16407187283091762,0.8348906158132313,treatment,0.1,0.6,0.9130434782608695
77,2,15,0.30881736917357555,0.8254240144330829,0.17318134591987844,treatment,0.1,0.6,0.8703703703703703
78,2,16,0.662931701034228,0.18091973820923482,0.8180597237634037,treatment,0.1,0.6,0.9130434782608695
79,2,16,0.30881736917357555,0.8093893340521318,0.18922530275790372,treatment,0.1,0.6,0.8703703703703703
80,2,17,0.662931701034228,0.16419488981120492,0.8349972227234489,treatment,0.1,0.6,0.9130434782608695
81,2,17,0.30881736917357555,0.8255438915483698,0.1732672110279616,treatment,0.1,0.6,0.8703703703703703
82,2,18,0.662931701034228,0.18098919128408655,0.8180859167846641,treatment,0.1,0.6,0.9130434782608695
83,2,18,0.30881736917357555,0.8094308547783813,0.1892630335210829,treatment,0.1,0.6,0.8703703703703703
84,2,19,0.662931701034228,0.1640808549702287,0.8349191598617152,treatment,0.1,0.6,0.9130434782608695
85,2,19,0.30881736917357555,0.8254845554570319,0.17313256474352978,treatment,0.1,0.6,0.8703703703703703
86,2,20,0.662931701034228,0.18089010606353167,0.8179534276343324,treatment,0.1,0.6,0.9130434782608695
87,2,20,0.30881736917357555,0.8093183510465869,0.1891448490438833,treatment,0.1,0.6,0.8703703703703703
88,2,21,0.662931701034228,0.16393172016141835,0.8349125154327135,treatment,0.1,0.6,0.9130434782608695
89,2,21,0.30881736917357555,0.8254908873671317,0.1729686095442155,treatment,0.1,0.6,0.8703703703703703
90,2,22,0.662931701034228,0.18071041966729454,0.8181169904541943,treatment,0.1,0.6,0.9130434782608695
91,2,22,0.30881736917357555,0.8094859406032081,0.18895348126900255,treatment,0.1,0.6,0.8703703703703703
92,2,23,0.662931701034228,0.16391198084912156,0.8349387817438556,treatment,0.1,0.6,0.9130434782608695
93,2,23,0.30881736917357555,0.8255267154467186,0.17293123048401984,treatment,0.1,0.6,0.8703703703703703
94,2,24,0.662931701034228,0.18069213170629245,0.8181738682381655,treatment,0.1,0.6,0.9130434782608695
95,2,24,0.30881736917357555,0.8095501639699174,0.18891883710483068,treatment,0.1,0.6,0.8703703703703703
96,2,25,0.662931701034228,0.16375866033245942,0.8349889475364413,treatment,0.1,0.6,0.9130434782608695
97,2,25,0.30881736917357555,0.8255838378218763,0.17276907375110706,treatment,0.1,0.6,0.8703703703703703
98,2,26,0.662931701034228,0.1806999487484042,0.8183159004435577,treatment,0.1,0.6,0.9130434782608695
99,2,26,0.30881736917357555,0.8096942280254327,0.18891137265953853,treatment,0.1,0.6,0.8703703703703703
100,2,27,0.662931701034228,0.16392364829612527,0.835054061639255,treatment,0.1,0.6,0.9130434782608695
101,2,27,0.30881736917357555,0.8256540097111004,0.1729124134200468,treatment,0.1,0.6,0.8703703703703703
102,2,28,0.662931701034228,0.18066082706727524,0.8182563794480664,treatment,0.1,0.6,0.9130434782608695
103,2,28,0.30881736917357555,0.809645075160074,0.1888610277937106,treatment,0.1,0.6,0.8703703703703703
104,2,29,0.662931701034228,0.16384391072596702,0.8350163536028254,treatment,0.1,0.6,0.9130434782608695
105,2,29,0.30881736917357555,0.8256251831373299,0.17282415470430548,treatment,0.1,0.6,0.8703703703703703
106,2,30,0.662931701034228,0.1806799702005877,0.8181583037293264,treatment,0.1,0.6,0.9130434782608695
107,2,30,0.30881736917357555,0.809558277007717,0.18886776009232328,treatment,0.1,0.6,0.8703703703703703
108,3,1,0.6970159025515357,0.31417918422451613,0.7651601847110657,treatment,0.1,0.6,0.8333333333333334
109,3,1,0.3478555800391801,0.7745144357690906,0.3098928183319101,treatment,0.1,0.6,0.8913043478260869
110,3,2,0.6970159025515357,0.27186236831704585,0.7720304822091656,treatment,0.1,0.6,0.8518518518518519
111,3,2,0.3478555800391801,0.7753537439577483,0.2684571491169103,treatment,0.1,0.6,0.8913043478260869
112,3,3,0.6970159025515357,0.25891071408470595,0.7727386972693724,treatment,0.1,0.6,0.8518518518518519
113,3,3,0.3478555800391801,0.7793931492257546,0.25195475072144824,treatment,0.1,0.6,0.9130434782608695
114,3,4,0.6970159025515357,0.1929047562698422,0.7734796129009348,treatment,0.1,0.6,0.8703703703703703
115,3,4,0.3478555800391801,0.7799695729510472,0.18394489641412373,treatment,0.1,0.6,0.9130434782608695
116,3,5,0.6970159025515357,0.1720109034880123,0.7768644748924382,treatment,0.1,0.6,0.8888888888888888
117,3,5,0.3478555800391801,0.7804800584329703,0.16648328139450583,treatment,0.1,0.6,0.9130434782608695
118,3,6,0.6970159025515357,0.18806834322863394,0.7773527495610933,treatment,0.1,0.6,0.8888888888888888
119,3,6,0.3478555800391801,0.7809228605152971,0.1829819491716779,treatment,0.1,0.6,0.9130434782608695
120,3,7,0.6970159025515357,0.1671793103389718,0.7805370042316847,treatment,0.1,0.6,0.9074074074074074
121,3,7,0.3478555800391801,0.7845309922263132,0.16092256216225528,treatment,0.1,0.6,0.9347826086956522
122,3,8,0.6970159025515357,0.1836329576124405,0.7808438764025051,treatment,0.1,0.6,0.8888888888888888
123,3,8,0.3478555800391801,0.7848001289012538,0.1778327163365006,treatment,0.1,0.6,0.9130434782608695
124,3,9,0.6970159025515357,0.16705344694211421,0.7811956598793769,treatment,0.1,0.6,0.9074074074074074
125,3,9,0.3478555800391801,0.7850625592701462,0.16091149539972174,treatment,0.1,0.6,0.9130434782608695
126,3,10,0.6970159025515357,0.18351519319912446,0.7813965873593987,treatment,0.1,0.6,0.8888888888888888
127,3,10,0.3478555800391801,0.7852362281017685,0.17782685649674135,treatment,0.1,0.6,0.9130434782608695
128,3,11,0.6970159025515357,0.167537392710656,0.7815845909296422,treatment,0.1,0.6,0.8888888888888888
129,3,11,0.3478555800391801,0.7853762038012478,0.16112649933411727,treatment,0.1,0.6,0.9130434782608695
130,3,12,0.6970159025515357,0.1834282185208248,0.7817591925686808,treatment,0.1,0.6,0.8888888888888888
131,3,12,0.3478555800391801,0.7855079412240547,0.1778428560576134,treatment,0.1,0.6,0.9130434782608695
132,3,13,0.6970159025515357,0.16703476565225786,0.7819804147805747,treatment,0.1,0.6,0.9074074074074074
133,3,13,0.3478555800391801,0.7858172329168476,0.16079400550067954,treatment,0.1,0.6,0.9347826086956522
134,3,14,0.6970159025515357,0.18339543217107612,0.7821036025732231,treatment,0.1,0.6,0.8888888888888888
135,3,14,0.3478555800391801,0.7859230429045144,0.17760667253189136,treatment,0.1,0.6,0.9130434782608695
136,3,15,0.6970159025515357,0.1674685699927508,0.7822051289778743,treatment,0.1,0.6,0.8888888888888888
137,3,15,0.3478555800391801,0.7859844466010241,0.16096087929605704,treatment,0.1,0.6,0.9130434782608695
138,3,16,0.6970159025515357,0.18358659317230688,0.782292055133299,treatment,0.1,0.6,0.8888888888888888
139,3,16,0.3478555800391801,0.7860349371068118,0.17790958350269323,treatment,0.1,0.6,0.9130434782608695
140,3,17,0.6970159025515357,0.16745985484588924,0.7823866212050019,treatment,0.1,0.6,0.8888888888888888
141,3,17,0.3478555800391801,0.786195922971288,0.1608495851778634,treatment,0.1,0.6,0.9347826086956522
142,3,18,0.6970159025515357,0.18344290203799987,0.7824958801766253,treatment,0.1,0.6,0.8888888888888888
143,3,18,0.3478555800391801,0.7862708397883047,0.1776649594278934,treatment,0.1,0.6,0.9130434782608695
144,3,19,0.6970159025515357,0.1671762294942912,0.7824963150278834,treatment,0.1,0.6,0.8888888888888888
145,3,19,0.3478555800391801,0.7862576377206022,0.16096302985654914,treatment,0.1,0.6,0.9130434782608695
146,3,20,0.6970159025515357,0.18351738330041034,0.7825094203568793,treatment,0.1,0.6,0.8888888888888888
147,3,20,0.3478555800391801,0.786258387233728,0.17775486347250613,treatment,0.1,0.6,0.9130434782608695
148,3,21,0.6970159025515357,0.16754898776835161,0.7824938226552248,treatment,0.1,0.6,0.8703703703703703
149,3,21,0.3478555800391801,0.7863569125277522,0.16075853397107814,treatment,0.1,0.6,0.9347826086956522
150,3,22,0.6970159025515357,0.18391262446429904,0.7824294348641205,treatment,0.1,0.6,0.8703703703703703
151,3,22,0.3478555800391801,0.7863040125040218,0.17789476786095026,treatment,0.1,0.6,0.9130434782608695
152,3,23,0.6970159025515357,0.16705889097585025,0.7827053810799499,treatment,0.1,0.6,0.9074074074074074
153,3,23,0.3478555800391801,0.786399198748123,0.16094668508915264,treatment,0.1,0.6,0.9130434782608695
154,4,1,0.6695087101516486,0.3105127074630684,0.6892462658477141,treatment,0.1,0.6,0.8727272727272727
155,4,1,0.32031392228985467,0.688817253485368,0.3109327105814886,treatment,0.1,0.6,0.8666666666666667
156,4,2,0.6695087101516486,0.26725677308082574,0.7322970958642218,treatment,0.1,0.6,0.8909090909090909
157,4,2,0.32031392228985467,0.7346215447499421,0.2649978644003936,treatment,0.1,0.6,0.9111111111111111
158,4,3,0.6695087101516486,0.2509106786137434,0.7484404609024106,treatment,0.1,0.6,0.9090909090909091
159,4,3,0.32031392228985467,0.7486991981052985,0.2506595182271463,treatment,0.1,0.6,0.9111111111111111
160,4,4,0.6695087101516486,0.1761145011238668,0.8235263103843254,treatment,0.1,0.6,0.9454545454545454
161,4,4,0.32031392228985467,0.8166676545752956,0.18285681759854658,treatment,0.1,0.6,0.9111111111111111
162,4,5,0.6695087101516486,0.1576225995041089,0.8419245354364344,treatment,0.1,0.6,0.9454545454545454
163,4,5,0.32031392228985467,0.8392949100109293,0.16020973693188953,treatment,0.1,0.6,0.9333333333333333
164,4,6,0.6695087101516486,0.1747164802346065,0.824993304916713,treatment,0.1,0.6,0.9454545454545454
165,4,6,0.32031392228985467,0.8229519385186106,0.17671492103668326,treatment,0.1,0.6,0.9111111111111111
166,4,7,0.6695087101516486,0.15715100118589254,0.8427439455478444,treatment,0.1,0.6,0.9454545454545454
167,4,7,0.32031392228985467,0.8401430167625311,0.1597073610443498,treatment,0.1,0.6,0.9333333333333333
168,4,8,0.6695087101516486,0.17449655832052113,0.8253820082279607,treatment,0.1,0.6,0.9454545454545454
169,4,8,0.32031392228985467,0.8233769063015526,0.17646186838948855,treatment,0.1,0.6,0.9111111111111111
170,4,9,0.6695087101516486,0.15693393374423306,0.8428514715289114,treatment,0.1,0.6,0.9454545454545454
171,4,9,0.32031392228985467,0.8402763039809388,0.15946758318672646,treatment,0.1,0.6,0.9333333333333333
172,4,10,0.6695087101516486,0.17429557097794848,0.82538448424439,treatment,0.1,0.6,0.9454545454545454
173,4,10,0.32031392228985467,0.8234040555157746,0.17624094327074344,treatment,0.1,0.6,0.9111111111111111
174,4,11,0.6695087101516486,0.15666627422535148,0.8429283694874719,treatment,0.1,0.6,0.9454545454545454
175,4,11,0.32031392228985467,0.8403721185703129,0.159184660090091,treatment,0.1,0.6,0.9333333333333333
176,4,12,0.6695087101516486,0.17409664103348718,0.8256094181918285,treatment,0.1,0.6,0.9454545454545454
177,4,12,0.32031392228985467,0.8236406163511576,0.176026307623043,treatment,0.1,0.6,0.9111111111111111
178,4,13,0.6695087101516486,0.15645042383597174,0.8432046796086742,treatment,0.1,0.6,0.9454545454545454
179,4,13,0.32031392228985467,0.8406601058144756,0.1589572807527713,treatment,0.1,0.6,0.9333333333333333
180,4,14,0.6695087101516486,0.1740902338153977,0.8257183229234772,treatment,0.1,0.6,0.9454545454545454
181,4,14,0.32031392228985467,0.8237649200224262,0.17600301838692395,treatment,0.1,0.6,0.9111111111111111
182,4,15,0.6695087101516486,0.15652185635680976,0.8431276927003684,treatment,0.1,0.6,0.9454545454545454
183,4,15,0.32031392228985467,0.8405961213602451,0.15901651095051447,treatment,0.1,0.6,0.9333333333333333
184,4,16,0.6695087101516486,0.17414153991555198,0.8257441181155744,treatment,0.1,0.6,0.9454545454545454
185,4,16,0.32031392228985467,0.8237989791865821,0.1760442281234926,treatment,0.1,0.6,0.9111111111111111
186,4,17,0.6695087101516486,0.15666275357514162,0.8432767807045465,treatment,0.1,0.6,0.9454545454545454
187,4,17,0.32031392228985467,0.8407530247664837,0.1591464650863346,treatment,0.1,0.6,0.9333333333333333
188,5,1,0.6795083402783858,0.31146710359655927,0.7680578029170565,treatment,0.1,0.6,0.8541666666666666
189,5,1,0.32490135079764026,0.7761997293709414,0.3081164162328479,treatment,0.1,0.6,0.9038461538461539
190,5,2,0.6795083402783858,0.2708672898331469,0.7685661438727692,treatment,0.1,0.6,0.8541666666666666
191,5,2,0.32490135079764026,0.7797357219334118,0.2633155731365492,treatment,0.1,0.6,0.9230769230769231
192,5,3,0.6795083402783858,0.25739145791534196,0.7690017719680284,treatment,0.1,0.6,0.8541666666666666
193,5,3,0.32490135079764026,0.7800586150188251,0.24927714942617488,treatment,0.1,0.6,0.9038461538461539
194,5,4,0.6795083402783858,0.18949394491482074,0.7727253711240828,treatment,0.1,0.6,0.875
195,5,4,0.32490135079764026,0.7834483578816928,0.17647802745415062,treatment,0.1,0.6,0.9423076923076923
196,5,5,0.6795083402783858,0.1678641828722476,0.7765786629110338,treatment,0.1,0.6,0.8958333333333334
197,5,5,0.32490135079764026,0.7869436437725802,0.15407476743163867,treatment,0.1,0.6,0.9615384615384616
198,5,6,0.6795083402783858,0.18390580893067465,0.7769113378649992,treatment,0.1,0.6,0.8958333333333334
199,5,6,0.32490135079764026,0.7871601883328153,0.17112206555532003,treatment,0.1,0.6,0.9423076923076923
200,5,7,0.6795083402783858,0.16736514106633962,0.7771105069801204,treatment,0.1,0.6,0.875
201,5,7,0.32490135079764026,0.7873195841708096,0.15342127885605408,treatment,0.1,0.6,0.9423076923076923
202,5,8,0.6795083402783858,0.18286403755112243,0.777157505074978,treatment,0.1,0.6,0.8541666666666666
203,5,8,0.32490135079764026,0.7904624622061116,0.167240727129297,treatment,0.1,0.6,0.9807692307692307
204,5,9,0.6795083402783858,0.16676060931987916,0.7773854455028029,treatment,0.1,0.6,0.875
205,5,9,0.32490135079764026,0.7905682487812968,0.1501014128767781,treatment,0.1,0.6,0.9423076923076923
206,5,10,0.6795083402783858,0.18296589969424004,0.7776020216815103,treatment,0.1,0.6,0.8958333333333334
207,5,10,0.32490135079764026,0.7906604529554679,0.16734327971345403,treatment,0.1,0.6,0.9615384615384616
208,5,11,0.6795083402783858,0.16698919082216457,0.7775852861251492,treatment,0.1,0.6,0.8541666666666666
209,5,11,0.32490135079764026,0.7907238106675814,0.14934363409529744,treatment,0.1,0.6,0.9615384615384616
210,5,12,0.6795083402783858,0.18272680045947642,0.7776981303587053,treatment,0.1,0.6,0.875
211,5,12,0.32490135079764026,0.7908090772079606,0.16679711633392164,treatment,0.1,0.6,0.9615384615384616
212,5,13,0.6795083402783858,0.16614663995480736,0.7779551765950198,treatment,0.1,0.6,0.8958333333333334
213,5,13,0.32490135079764026,0.7909150787534833,0.14956103567660373,treatment,0.1,0.6,0.9423076923076923
214,5,14,0.6795083402783858,0.18258035230955513,0.778016083845077,treatment,0.1,0.6,0.8958333333333334
215,5,14,0.32490135079764026,0.7909563780134553,0.16721947885844332,treatment,0.1,0.6,0.9615384615384616
216,5,15,0.6795083402783858,0.16638514846799918,0.7780675167588966,treatment,0.1,0.6,0.875
217,5,15,0.32490135079764026,0.7909958966263131,0.1494751233139041,treatment,0.1,0.6,0.9615384615384616
218,5,16,0.6795083402783858,0.18219804862721456,0.7780395583233277,treatment,0.1,0.6,0.8541666666666666
219,5,16,0.32490135079764026,0.7910806845543894,0.1668277693679762,treatment,0.1,0.6,0.9615384615384616
220,5,17,0.6795083402783858,0.16635955282199089,0.7780822216178326,treatment,0.1,0.6,0.875
221,5,17,0.32490135079764026,0.7910800012752532,0.14909896387240248,treatment,0.1,0.6,0.9615384615384616
222,6,1,0.6437249271076513,0.30429161457043097,0.7862647246766401,treatment,0.1,0.6,0.9661016949152542
223,6,1,0.35777599340089267,0.7838095134210733,0.305377249792357,treatment,0.1,0.6,0.9512195121951219
224,6,2,0.6437249271076513,0.2593565151065145,0.7866383835832993,treatment,0.1,0.6,0.9661016949152542
225,6,2,0.35777599340089267,0.7841967292534608,0.2611319586323138,treatment,0.1,0.6,0.9512195121951219
226,6,3,0.6437249271076513,0.24461301083850745,0.786843549393719,treatment,0.1,0.6,0.9661016949152542
227,6,3,0.35777599340089267,0.7844125295461905,0.2466138627146211,treatment,0.1,0.6,0.9512195121951219
228,6,4,0.6437249271076513,0.17310743781059984,0.7869878358637996,treatment,0.1,0.6,0.9661016949152542
229,6,4,0.35777599340089267,0.7845649395733213,0.17620850812906783,treatment,0.1,0.6,0.9512195121951219
230,6,5,0.6437249271076513,0.15449928226242157,0.7871811625939215,treatment,0.1,0.6,0.9661016949152542
231,6,5,0.35777599340089267,0.7847633352712411,0.15788600424698804,treatment,0.1,0.6,0.9512195121951219
232,6,6,0.6437249271076513,0.17179943433461273,0.7873145047984914,treatment,0.1,0.6,0.9661016949152542
233,6,6,0.35777599340089267,0.7849010610584628,0.1749188623527913,treatment,0.1,0.6,0.9512195121951219
234,6,7,0.6437249271076513,0.15371376947344603,0.7873916742660776,treatment,0.1,0.6,0.9661016949152542
235,6,7,0.35777599340089267,0.7849823089350052,0.1571111442983845,treatment,0.1,0.6,0.9512195121951219
236,6,8,0.6437249271076513,0.17143287654924,0.7875279014011289,treatment,0.1,0.6,0.9661016949152542
237,6,8,0.35777599340089267,0.7851208268739112,0.17455675698205225,treatment,0.1,0.6,0.9512195121951219
238,6,9,0.6437249271076513,0.15365532450286365,0.787601075081902,treatment,0.1,0.6,0.9661016949152542
239,6,9,0.35777599340089267,0.7851965873805808,0.1570525975304336,treatment,0.1,0.6,0.9512195121951219
240,6,10,0.6437249271076513,0.171481310200937,0.7876501024932971,treatment,0.1,0.6,0.9661016949152542
241,6,10,0.35777599340089267,0.78524804300153,0.17460359156188662,treatment,0.1,0.6,0.9512195121951219
242,6,11,0.6437249271076513,0.15371112408085666,0.7877019852861366,treatment,0.1,0.6,0.9661016949152542
243,6,11,0.35777599340089267,0.7853018855591639,0.15710680267438237,treatment,0.1,0.6,0.9512195121951219
244,7,1,0.6953277582820528,0.3105421697209622,0.7714677451534816,treatment,0.1,0.6,0.8703703703703703
245,7,1,0.33092075127231063,0.7817436053290446,0.3061315898331437,treatment,0.1,0.6,0.9347826086956522
246,7,2,0.6953277582820528,0.2674516824696782,0.7754359686073724,treatment,0.1,0.6,0.8888888888888888
247,7,2,0.33092075127231063,0.7825179765945991,0.26231711137143193,treatment,0.1,0.6,0.9347826086956522
248,7,3,0.6953277582820528,0.2534776885629533,0.7762776188472817,treatment,0.1,0.6,0.8888888888888888
249,7,3,0.33092075127231063,0.7831945878947439,0.24774111845393398,treatment,0.1,0.6,0.9347826086956522
250,7,4,0.6953277582820528,0.18397207356243173,0.7798111378899124,treatment,0.1,0.6,0.9074074074074074
251,7,4,0.33092075127231063,0.7838541849599318,0.17857556904818,treatment,0.1,0.6,0.9347826086956522
252,7,5,0.6953277582820528,0.16617564040042013,0.780315194850944,treatment,0.1,0.6,0.9074074074074074
253,7,5,0.33092075127231063,0.7842915771502375,0.1602829691074777,treatment,0.1,0.6,0.9347826086956522
254,7,6,0.6953277582820528,0.18243343889516891,0.7807930737977555,treatment,0.1,0.6,0.9074074074074074
255,7,6,0.33092075127231063,0.7847183758641871,0.17706382364762185,treatment,0.1,0.6,0.9347826086956522
256,7,7,0.6953277582820528,0.16144316657634364,0.7838717588411491,treatment,0.1,0.6,0.9259259259259259
257,7,7,0.33092075127231063,0.7851250620010559,0.15954835811235316,treatment,0.1,0.6,0.9347826086956522
258,7,8,0.6953277582820528,0.17817816397404082,0.7841348846165889,treatment,0.1,0.6,0.9074074074074074
259,7,8,0.33092075127231063,0.7854005082167398,0.17675169507782346,treatment,0.1,0.6,0.9347826086956522
260,7,9,0.6953277582820528,0.16127146484292135,0.7844680585266346,treatment,0.1,0.6,0.9259259259259259
261,7,9,0.33092075127231063,0.7856983601015952,0.15938801700996205,treatment,0.1,0.6,0.9347826086956522
262,7,10,0.6953277582820528,0.17789499057931263,0.7846685109398899,treatment,0.1,0.6,0.9074074074074074
263,7,10,0.33092075127231063,0.7859141205241743,0.17647497537818008,treatment,0.1,0.6,0.9347826086956522
264,7,11,0.6953277582820528,0.161251820354206,0.7848148123917085,treatment,0.1,0.6,0.9074074074074074
265,7,11,0.33092075127231063,0.7860752589146097,0.15929181687630153,treatment,0.1,0.6,0.9347826086956522
266,7,12,0.6953277582820528,0.1780169647394917,0.784923418852454,treatment,0.1,0.6,0.9074074074074074
267,7,12,0.33092075127231063,0.7861984521122143,0.17652515890270531,treatment,0.1,0.6,0.9347826086956522
268,7,13,0.6953277582820528,0.16133637584914434,0.7852103911516713,treatment,0.1,0.6,0.9259259259259259
269,7,13,0.33092075127231063,0.7864130432703011,0.15947037630993127,treatment,0.1,0.6,0.9347826086956522
270,7,14,0.6953277582820528,0.17806839769895622,0.7853125948721653,treatment,0.1,0.6,0.9074074074074074
271,7,14,0.33092075127231063,0.7865325724633053,0.1766658818057604,treatment,0.1,0.6,0.9347826086956522
272,7,15,0.6953277582820528,0.1612595186005029,0.7854131180467432,treatment,0.1,0.6,0.9074074074074074
273,7,15,0.33092075127231063,0.7866507054528746,0.15930924970662785,treatment,0.1,0.6,0.9347826086956522
274,7,16,0.6953277582820528,0.17798962509558452,0.7854334025812467,treatment,0.1,0.6,0.9074074074074074
275,7,16,0.33092075127231063,0.7866864189747852,0.17650409357080604,treatment,0.1,0.6,0.9347826086956522
276,7,17,0.6953277582820528,0.1609396746491047,0.7856183503434607,treatment,0.1,0.6,0.9259259259259259
277,7,17,0.33092075127231063,0.7868033927575679,0.15908029754220676,treatment,0.1,0.6,0.9347826086956522
278,7,18,0.6953277582820528,0.17766104264009008,0.7856826710415624,treatment,0.1,0.6,0.9074074074074074
279,7,18,0.33092075127231063,0.7868863843469039,0.17626445162494137,treatment,0.1,0.6,0.9347826086956522
280,7,19,0.6953277582820528,0.160915021804408,0.7858103826872301,treatment,0.1,0.6,0.9259259259259259
281,7,19,0.33092075127231063,0.786988425644301,0.15905925863582296,treatment,0.1,0.6,0.9347826086956522
282,7,20,0.6953277582820528,0.1778578539794686,0.7858283359226379,treatment,0.1,0.6,0.9074074074074074
283,7,20,0.33092075127231063,0.7870242086805146,0.17647022648239058,treatment,0.1,0.6,0.9347826086956522
284,8,1,0.6807346085210099,0.31483621986295446,0.7607369706787859,treatment,0.1,0.6,0.8125
285,8,1,0.33159965690452725,0.77589140266296,0.3084438423662936,treatment,0.1,0.6,0.9038461538461539
286,8,2,0.6807346085210099,0.26960987418254634,0.7718137060307736,treatment,0.1,0.6,0.875
287,8,2,0.33159965690452725,0.7764916109489779,0.26719333026434533,treatment,0.1,0.6,0.8846153846153846
288,8,3,0.6807346085210099,0.2558349084351223,0.7722788077648123,treatment,0.1,0.6,0.875
289,8,3,0.33159965690452725,0.7769328045236499,0.2521179441691717,treatment,0.1,0.6,0.9038461538461539
290,8,4,0.6807346085210099,0.1868339705579607,0.7760799972377512,treatment,0.1,0.6,0.8958333333333334
291,8,4,0.33159965690452725,0.7773569696108479,0.18521961268172185,treatment,0.1,0.6,0.9038461538461539
292,8,5,0.6807346085210099,0.16910998868988747,0.7764910376279192,treatment,0.1,0.6,0.8958333333333334
293,8,5,0.33159965690452725,0.7807930431421688,0.1631281362501819,treatment,0.1,0.6,0.9230769230769231
294,8,6,0.6807346085210099,0.1852897493474376,0.7768190393524049,treatment,0.1,0.6,0.8958333333333334
295,8,6,0.33159965690452725,0.781061492523887,0.17951973537015722,treatment,0.1,0.6,0.9038461538461539
296,8,7,0.6807346085210099,0.16848374684644932,0.777111270615037,treatment,0.1,0.6,0.8958333333333334
297,8,7,0.33159965690452725,0.7813562097485721,0.16253656209911405,treatment,0.1,0.6,0.9230769230769231
298,8,8,0.6807346085210099,0.1848457964394956,0.7773399732127656,treatment,0.1,0.6,0.8958333333333334
299,8,8,0.33159965690452725,0.7815366614558161,0.1791043007883162,treatment,0.1,0.6,0.9038461538461539
300,8,9,0.6807346085210099,0.16834199168292177,0.7775492293442046,treatment,0.1,0.6,0.8958333333333334
301,8,9,0.33159965690452725,0.7817549215079784,0.16242768161168694,treatment,0.1,0.6,0.9230769230769231
302,8,10,0.6807346085210099,0.18482493296570945,0.7777444752950561,treatment,0.1,0.6,0.8958333333333334
303,8,10,0.33159965690452725,0.78190851497314,0.17911338989977177,treatment,0.1,0.6,0.9038461538461539
304,8,11,0.6807346085210099,0.1681300991185828,0.7779242526765374,treatment,0.1,0.6,0.8958333333333334
305,8,11,0.33159965690452725,0.7821028014950915,0.16223661456851834,treatment,0.1,0.6,0.9230769230769231
306,8,12,0.6807346085210099,0.1845719051380429,0.7780033404454599,treatment,0.1,0.6,0.8958333333333334
307,8,12,0.33159965690452725,0.7821686341712211,0.17919404240423556,treatment,0.1,0.6,0.9230769230769231
308,8,13,0.6807346085210099,0.1680541643829363,0.7781412362101614,treatment,0.1,0.6,0.8958333333333334
309,8,13,0.33159965690452725,0.7822707544190468,0.1625720054939188,treatment,0.1,0.6,0.9038461538461539
310,8,14,0.6807346085210099,0.18449832975931665,0.7782120426999185,treatment,0.1,0.6,0.8958333333333334
311,8,14,0.33159965690452725,0.7823070239374788,0.17920537543309353,treatment,0.1,0.6,0.9038461538461539
312,8,15,0.6807346085210099,0.16819344130559732,0.7782845224562865,treatment,0.1,0.6,0.8958333333333334
313,8,15,0.33159965690452725,0.782346585081303,0.1627955469360575,treatment,0.1,0.6,0.9038461538461539
314,8,16,0.6807346085210099,0.18476755006523113,0.7783754509940429,treatment,0.1,0.6,0.8958333333333334
315,8,16,0.33159965690452725,0.7824061734568649,0.1795576752377908,treatment,0.1,0.6,0.9038461538461539
316,8,17,0.6807346085210099,0.1682267571174667,0.7784439403211749,treatment,0.1,0.6,0.8958333333333334
317,8,17,0.33159965690452725,0.7824443799585059,0.16290765339541596,treatment,0.1,0.6,0.9038461538461539
318,8,18,0.6807346085210099,0.18469979947386986,0.7785019531027677,treatment,0.1,0.6,0.8958333333333334
319,8,18,0.33159965690452725,0.7824731456387565,0.1795657761928484,treatment,0.1,0.6,0.9038461538461539
320,8,19,0.6807346085210099,0.1680925206708288,0.7785391359030265,treatment,0.1,0.6,0.8958333333333334
321,8,19,0.33159965690452725,0.7826492314243035,0.16224695628814986,treatment,0.1,0.6,0.9230769230769231
322,8,20,0.6807346085210099,0.1844950851615552,0.778586338701,treatment,0.1,0.6,0.8958333333333334
323,8,20,0.33159965690452725,0.7826664947139792,0.1788445541019374,treatment,0.1,0.6,0.9038461538461539
324,8,21,0.6807346085210099,0.16797078861806472,0.7786059651826562,treatment,0.1,0.6,0.8958333333333334
325,8,21,0.33159965690452725,0.782705020161088,0.16213177727884046,treatment,0.1,0.6,0.9230769230769231
326,8,22,0.6807346085210099,0.18462206519515037,0.7786504335424821,treatment,0.1,0.6,0.8958333333333334
327,8,22,0.33159965690452725,0.7827203975495318,0.17898076898228557,treatment,0.1,0.6,0.9038461538461539
328,8,23,0.6807346085210099,0.16804387485345837,0.7786655147397381,treatment,0.1,0.6,0.8958333333333334
329,8,23,0.33159965690452725,0.7827069343779236,0.1623018769719757,treatment,0.1,0.6,0.9038461538461539
330,8,24,0.6807346085210099,0.18445552351398709,0.7787016041907137,treatment,0.1,0.6,0.8958333333333334
331,8,24,0.33159965690452725,0.7827154238159899,0.17890675782301912,treatment,0.1,0.6,0.9038461538461539
332,8,25,0.6807346085210099,0.16809985712999728,0.7787451491594602,treatment,0.1,0.6,0.8958333333333334
333,8,25,0.33159965690452725,0.7827321451113701,0.16245013551925497,treatment,0.1,0.6,0.9038461538461539
334,8,26,0.6807346085210099,0.18460510663198826,0.7787631578272337,treatment,0.1,0.6,0.8958333333333334
335,8,26,0.33159965690452725,0.7828419368354506,0.17928438548862488,treatment,0.1,0.6,0.9230769230769231
336,9,1,0.669374344660114,0.31094387253710304,0.688712875745394,treatment,0.1,0.6,0.8653846153846154
337,9,1,0.3245514237311704,0.6908710380674963,0.3088468600681324,treatment,0.1,0.6,0.8958333333333334
338,9,2,0.669374344660114,0.26388934421053956,0.7360919704271661,treatment,0.1,0.6,0.9230769230769231
339,9,2,0.3245514237311704,0.7329898331638772,0.2669494213283869,treatment,0.1,0.6,0.8958333333333334
340,9,3,0.669374344660114,0.24935318868641387,0.7504650847514617,treatment,0.1,0.6,0.9230769230769231
341,9,3,0.3245514237311704,0.7470148157781833,0.2527796470171306,treatment,0.1,0.6,0.8958333333333334
342,9,4,0.669374344660114,0.1768418329896693,0.8230041605349027,treatment,0.1,0.6,0.9423076923076923
343,9,4,0.3245514237311704,0.8220502682524917,0.17778979204710707,treatment,0.1,0.6,0.9375
344,9,5,0.669374344660114,0.1544462495273468,0.8454932230464718,treatment,0.1,0.6,0.9615384615384616
345,9,5,0.3245514237311704,0.840317650496285,0.15959654139376697,treatment,0.1,0.6,0.9375
346,9,6,0.669374344660114,0.17134709738383008,0.8283975954451429,treatment,0.1,0.6,0.9423076923076923
347,9,6,0.3245514237311704,0.8233894508094423,0.176326143614334,treatment,0.1,0.6,0.9375
348,9,7,0.669374344660114,0.15366666911127203,0.84634477387469,treatment,0.1,0.6,0.9615384615384616
349,9,7,0.3245514237311704,0.8412260018076045,0.15875703652215567,treatment,0.1,0.6,0.9375
350,9,8,0.669374344660114,0.17088211243849327,0.8290427622838179,treatment,0.1,0.6,0.9423076923076923
351,9,8,0.3245514237311704,0.8240795994648193,0.17581305120890678,treatment,0.1,0.6,0.9375
352,9,9,0.669374344660114,0.15355198461820982,0.8464894013810357,treatment,0.1,0.6,0.9615384615384616
353,9,9,0.3245514237311704,0.8414210754173884,0.15859024024192428,treatment,0.1,0.6,0.9375
354,9,10,0.669374344660114,0.17072362837774346,0.8291240913910646,treatment,0.1,0.6,0.9423076923076923
355,9,10,0.3245514237311704,0.8242046463908351,0.1756109920322141,treatment,0.1,0.6,0.9375
356,9,11,0.669374344660114,0.15337693513727693,0.846507342380248,treatment,0.1,0.6,0.9615384615384616
357,9,11,0.3245514237311704,0.8414782132050921,0.15837924913838444,treatment,0.1,0.6,0.9375
358,9,12,0.669374344660114,0.17083130904723484,0.828919569474463,treatment,0.1,0.6,0.9423076923076923
359,9,12,0.3245514237311704,0.8240368733614671,0.17568549406673065,treatment,0.1,0.6,0.9375
360,9,13,0.669374344660114,0.15328701224459815,0.8465846487021762,treatment,0.1,0.6,0.9615384615384616
361,9,13,0.3245514237311704,0.8415839038733907,0.15826074301359952,treatment,0.1,0.6,0.9375
362,9,14,0.669374344660114,0.1706404328384926,0.8290537053266203,treatment,0.1,0.6,0.9423076923076923
363,9,14,0.3245514237311704,0.8241957767949927,0.17547044802295916,treatment,0.1,0.6,0.9375
0,0,0,0.6914368156011074,0.375,0.625,treatment,0.1,0.7,0.0
1,0,0,0.29525098626237,0.625,0.375,treatment,0.1,0.7,0.0
2,1,1,0.6914368156011074,0.315556304218272,0.7571362154722995,treatment,0.1,0.7,0.7906976744186046
3,1,1,0.29525098626237,0.7656608898324972,0.31212852707137134,treatment,0.1,0.7,0.8421052631578947
4,1,2,0.6914368156011074,0.27526168418813324,0.7615393479345723,treatment,0.1,0.7,0.813953488372093
5,1,2,0.29525098626237,0.7661661418728392,0.2721995269755744,treatment,0.1,0.7,0.8421052631578947
6,1,3,0.6914368156011074,0.26242599119237286,0.7617229818645282,treatment,0.1,0.7,0.7906976744186046
7,1,3,0.29525098626237,0.7663831545606917,0.258642092635581,treatment,0.1,0.7,0.8421052631578947
8,1,4,0.6914368156011074,0.20118223911450087,0.7621419552390519,treatment,0.1,0.7,0.813953488372093
9,1,4,0.29525098626237,0.7667417814348059,0.19575165501768213,treatment,0.1,0.7,0.8421052631578947
10,1,5,0.6914368156011074,0.1801354264458036,0.7664246171581781,treatment,0.1,0.7,0.8372093023255814
11,1,5,0.29525098626237,0.7672181444011574,0.17910504912665512,treatment,0.1,0.7,0.8421052631578947
12,1,6,0.6914368156011074,0.19464669745285185,0.7665871590658802,treatment,0.1,0.7,0.813953488372093
13,1,6,0.29525098626237,0.7702481402530243,0.19074554594277623,treatment,0.1,0.7,0.8596491228070176
14,1,7,0.6914368156011074,0.1793457466196962,0.7669680522724621,treatment,0.1,0.7,0.8372093023255814
15,1,7,0.29525098626237,0.7705484297527898,0.17504114523838357,treatment,0.1,0.7,0.8421052631578947
16,1,8,0.6914368156011074,0.1940783407710422,0.7670518049297442,treatment,0.1,0.7,0.813953488372093
17,1,8,0.29525098626237,0.7706853880985473,0.19023349743602358,treatment,0.1,0.7,0.8596491228070176
18,1,9,0.6914368156011074,0.17873727496801728,0.7673289104984694,treatment,0.1,0.7,0.8372093023255814
19,1,9,0.29525098626237,0.7708891859708921,0.17447689910129532,treatment,0.1,0.7,0.8421052631578947
20,1,10,0.6914368156011074,0.19379412822439193,0.7673566490703562,treatment,0.1,0.7,0.813953488372093
21,1,10,0.29525098626237,0.7709211848505791,0.1900518720267679,treatment,0.1,0.7,0.8421052631578947
22,1,11,0.6914368156011074,0.17859028133039356,0.7676136064754596,treatment,0.1,0.7,0.8372093023255814
23,1,11,0.29525098626237,0.7711105458397524,0.17442244015788502,treatment,0.1,0.7,0.8421052631578947
24,1,12,0.6914368156011074,0.19338974040964377,0.7675981720065329,treatment,0.1,0.7,0.813953488372093
25,1,12,0.29525098626237,0.7711963466533848,0.1896036320151078,treatment,0.1,0.7,0.8596491228070176
26,1,13,0.6914368156011074,0.17854835093515392,0.767633809433831,treatment,0.1,0.7,0.813953488372093
27,1,13,0.29525098626237,0.7712377588170313,0.17424143607280732,treatment,0.1,0.7,0.8421052631578947
28,1,14,0.6914368156011074,0.19353157148536437,0.7676593433992627,treatment,0.1,0.7,0.813953488372093
29,1,14,0.29525098626237,0.7712689558599799,0.18973447982427105,treatment,0.1,0.7,0.8421052631578947
30,1,15,0.6914368156011074,0.17845025918940757,0.7679184284794511,treatment,0.1,0.7,0.8372093023255814
31,1,15,0.29525098626237,0.7714012851726936,0.1743213649908581,treatment,0.1,0.7,0.8421052631578947
32,1,16,0.6914368156011074,0.1936026195350576,0.7678543972289213,treatment,0.1,0.7,0.813953488372093
33,1,16,0.29525098626237,0.7713425302724721,0.18998171283920323,treatment,0.1,0.7,0.8421052631578947
34,1,17,0.6914368156011074,0.17834665126432114,0.7680281669797453,treatment,0.1,0.7,0.8372093023255814
35,1,17,0.29525098626237,0.7715757610264167,0.17382635175227745,treatment,0.1,0.7,0.8596491228070176
36,1,18,0.6914368156011074,0.19326467329687194,0.7679924845887945,treatment,0.1,0.7,0.813953488372093
37,1,18,0.29525098626237,0.771546594074808,0.1892530054024199,treatment,0.1,0.7,0.8421052631578947
38,1,19,0.6914368156011074,0.1781841637065746,0.767935893706761,treatment,0.1,0.7,0.813953488372093
39,1,19,0.29525098626237,0.7714957370451097,0.1736432875567105,treatment,0.1,0.7,0.8421052631578947
40,1,20,0.6914368156011074,0.19322781062823638,0.7679186258895946,treatment,0.1,0.7,0.813953488372093
41,1,20,0.29525098626237,0.7715546577114495,0.18941166169871562,treatment,0.1,0.7,0.8596491228070176
42,1,21,0.6914368156011074,0.17822579105114064,0.7679073869570767,treatment,0.1,0.7,0.813953488372093
43,1,21,0.29525098626237,0.77154904741506,0.17387819415693156,treatment,0.1,0.7,0.8421052631578947
44,1,22,0.6914368156011074,0.19327156775669574,0.7678911694766906,treatment,0.1,0.7,0.813953488372093
45,1,22,0.29525098626237,0.7715382517023252,0.18943179195470375,treatment,0.1,0.7,0.8421052631578947
46,1,23,0.6914368156011074,0.17812784820792177,0.7681495031798321,treatment,0.1,0.7,0.8372093023255814
47,1,23,0.29525098626237,0.7716169306717191,0.17405394536052643,treatment,0.1,0.7,0.8421052631578947
48,1,24,0.6914368156011074,0.19312331095012195,0.7680972869943218,treatment,0.1,0.7,0.813953488372093
49,1,24,0.29525098626237,0.7715721827913784,0.1895485362709629,treatment,0.1,0.7,0.8421052631578947
50,1,25,0.6914368156011074,0.17790780655131733,0.7682100243561841,treatment,0.1,0.7,0.8372093023255814
51,1,25,0.29525098626237,0.7717436208742872,0.17342492342134216,treatment,0.1,0.7,0.8596491228070176
52,1,26,0.6914368156011074,0.19297205167503154,0.7681527749580356,treatment,0.1,0.7,0.813953488372093
53,1,26,0.29525098626237,0.7716930692717299,0.18899912013647724,treatment,0.1,0.7,0.8421052631578947
54,1,27,0.6914368156011074,0.17790468695804176,0.7681161766963936,treatment,0.1,0.7,0.813953488372093
55,1,27,0.29525098626237,0.7717099616197954,0.17332599257114348,treatment,0.1,0.7,0.8596491228070176
56,1,28,0.6914368156011074,0.1930100899301128,0.7680347489904018,treatment,0.1,0.7,0.813953488372093
57,1,28,0.29525098626237,0.7716335344456327,0.18894461060260437,treatment,0.1,0.7,0.8421052631578947
58,1,29,0.6914368156011074,0.1777031129376858,0.768211584880039,treatment,0.1,0.7,0.8372093023255814
59,1,29,0.29525098626237,0.7716937552166,0.1733094584124554,treatment,0.1,0.7,0.8421052631578947
60,1,30,0.6914368156011074,0.19272706466680187,0.7681564070114519,treatment,0.1,0.7,0.813953488372093
61,1,30,0.29525098626237,0.7717144783865769,0.18905110156882055,treatment,0.1,0.7,0.8596491228070176
62,1,31,0.6914368156011074,0.1777096566147829,0.76814035197792,treatment,0.1,0.7,0.813953488372093
63,1,31,0.29525098626237,0.7717304780897722,0.1731447306910623,treatment,0.1,0.7,0.8596491228070176
64,1,32,0.6914368156011074,0.1927889048177158,0.7680987120148299,treatment,0.1,0.7,0.813953488372093
65,1,32,0.29525098626237,0.7716950185027504,0.18873561558404403,treatment,0.1,0.7,0.8421052631578947
66,1,33,0.6914368156011074,0.17785291623985663,0.7683354202383014,treatment,0.1,0.7,0.8372093023255814
67,1,33,0.29525098626237,0.7718127718475662,0.1734714217560391,treatment,0.1,0.7,0.8421052631578947
68,1,34,0.6914368156011074,0.19281486832003905,0.7682584470797712,treatment,0.1,0.7,0.813953488372093
69,1,34,0.29525098626237,0.7717423718772476,0.18893677466113246,treatment,0.1,0.7,0.8421052631578947
70,1,35,0.6914368156011074,0.17766692212056331,0.7681967994917167,treatment,0.1,0.7,0.813953488372093
71,1,35,0.29525098626237,0.7717811374723605,0.17310390727653346,treatment,0.1,0.7,0.8596491228070176
72,1,36,0.6914368156011074,0.19275818876649978,0.7681394068238688,treatment,0.1,0.7,0.813953488372093
73,1,36,0.29525098626237,0.7717526194298313,0.18899653833815713,treatment,0.1,0.7,0.8596491228070176
74,1,37,0.6914368156011074,0.1778196152678154,0.7680982073999804,treatment,0.1,0.7,0.813953488372093
75,1,37,0.29525098626237,0.7717406629582967,0.17317431110855616,treatment,0.1,0.7,0.8596491228070176
76,1,38,0.6914368156011074,0.19265306857299386,0.7680884647926394,treatment,0.1,0.7,0.813953488372093
77,1,38,0.29525098626237,0.7717614023942313,0.1887963719047837,treatment,0.1,0.7,0.8596491228070176
78,1,39,0.6914368156011074,0.17756585860647808,0.7683071003159969,treatment,0.1,0.7,0.8372093023255814
79,1,39,0.29525098626237,0.771829324247529,0.17312762403521273,treatment,0.1,0.7,0.8596491228070176
80,2,1,0.6707887298232376,0.31341570753027914,0.6853931256756055,treatment,0.1,0.7,0.8260869565217391
81,2,1,0.33401305140372145,0.695442507137317,0.30414420678411097,treatment,0.1,0.7,0.9629629629629629
82,2,2,0.6707887298232376,0.3132600663273441,0.6845745085786815,treatment,0.1,0.7,0.8260869565217391
83,2,2,0.33401305140372145,0.694516733870899,0.30458445995904176,treatment,0.1,0.7,0.9629629629629629
84,2,3,0.6707887298232376,0.3132758311644338,0.683760410313964,treatment,0.1,0.7,0.8260869565217391
85,2,3,0.33401305140372145,0.6935880904165223,0.30504689610455293,treatment,0.1,0.7,0.9629629629629629
86,2,4,0.6707887298232376,0.3134088864707438,0.6829769470381085,treatment,0.1,0.7,0.8260869565217391
87,2,4,0.33401305140372145,0.6926900718272291,0.30553504201239723,treatment,0.1,0.7,0.9629629629629629
88,2,5,0.6707887298232376,0.3136128899135715,0.6822016981757806,treatment,0.1,0.7,0.8260869565217391
89,2,5,0.33401305140372145,0.6917982379830724,0.30603188172912954,treatment,0.1,0.7,0.9629629629629629
90,2,6,0.6707887298232376,0.3138623116784467,0.681445623605671,treatment,0.1,0.7,0.8260869565217391
91,2,6,0.33401305140372145,0.6909263819463679,0.3065298583141075,treatment,0.1,0.7,0.9629629629629629
92,2,7,0.6707887298232376,0.31413806838511465,0.6807074080267033,treatment,0.1,0.7,0.8260869565217391
93,2,7,0.33401305140372145,0.6900736178025458,0.30702085557987846,treatment,0.1,0.7,0.9629629629629629
94,2,8,0.6707887298232376,0.3144488085233361,0.6799810815336091,treatment,0.1,0.7,0.8260869565217391
95,2,8,0.33401305140372145,0.6892334180283376,0.3075243744394314,treatment,0.1,0.7,0.9629629629629629
96,2,9,0.6707887298232376,0.31476265797163316,0.6792758751407718,treatment,0.1,0.7,0.8260869565217391
97,2,9,0.33401305140372145,0.6884168419071505,0.30800978063320816,treatment,0.1,0.7,0.9629629629629629
98,2,10,0.6707887298232376,0.3150941738358151,0.6785622508817688,treatment,0.1,0.7,0.8260869565217391
99,2,10,0.33401305140372145,0.6875896706702528,0.30849870122675355,treatment,0.1,0.7,0.9629629629629629
100,2,11,0.6707887298232376,0.3154339515288357,0.6778941053534697,treatment,0.1,0.7,0.8260869565217391
101,2,11,0.33401305140372145,0.6868148876451424,0.3089835892081177,treatment,0.1,0.7,0.9629629629629629
102,2,12,0.6707887298232376,0.31577731849836715,0.677228561352644,treatment,0.1,0.7,0.8260869565217391
103,2,12,0.33401305140372145,0.6860426285901566,0.30946155970040173,treatment,0.1,0.7,0.9629629629629629
104,2,13,0.6707887298232376,0.3161233004816811,0.6765683461933214,treatment,0.1,0.7,0.8260869565217391
105,2,13,0.33401305140372145,0.6852761624681075,0.3099334360980391,treatment,0.1,0.7,0.9629629629629629
106,2,14,0.6707887298232376,0.3164680116040142,0.6759342518527887,treatment,0.1,0.7,0.8260869565217391
107,2,14,0.33401305140372145,0.6845397961299156,0.3103962124004277,treatment,0.1,0.7,0.9629629629629629
108,2,15,0.6707887298232376,0.3168165118014507,0.6753113200624546,treatment,0.1,0.7,0.8260869565217391
109,2,15,0.33401305140372145,0.6838161479539332,0.310856989881372,treatment,0.1,0.7,0.9629629629629629
110,2,16,0.6707887298232376,0.3171588881657448,0.6746977046125496,treatment,0.1,0.7,0.8260869565217391
111,2,16,0.33401305140372145,0.6831031099181906,0.31130517550035736,treatment,0.1,0.7,0.9629629629629629
112,2,17,0.6707887298232376,0.3175025933371085,0.6741022409990648,treatment,0.1,0.7,0.8260869565217391
113,2,17,0.33401305140372145,0.6824110171816531,0.3117502357917458,treatment,0.1,0.7,0.9629629629629629
114,2,18,0.6707887298232376,0.31785003384999144,0.6735156082259289,treatment,0.1,0.7,0.8260869565217391
115,2,18,0.33401305140372145,0.6817290335361667,0.31219561343906316,treatment,0.1,0.7,0.9629629629629629
116,2,19,0.6707887298232376,0.3181836646691699,0.6729528437418186,treatment,0.1,0.7,0.8260869565217391
117,2,19,0.33401305140372145,0.6810747121392483,0.31262138288738467,treatment,0.1,0.7,0.9629629629629629
118,2,20,0.6707887298232376,0.3185183027255803,0.6724034516677806,treatment,0.1,0.7,0.8260869565217391
119,2,20,0.33401305140372145,0.6804358381318357,0.31304525490835977,treatment,0.1,0.7,0.9629629629629629
120,2,21,0.6707887298232376,0.31884990219731174,0.6718550694501294,treatment,0.1,0.7,0.8260869565217391
121,2,21,0.33401305140372145,0.6797980174705471,0.3134628819064109,treatment,0.1,0.7,0.9629629629629629
122,2,22,0.6707887298232376,0.3191788082129879,0.671332167131919,treatment,0.1,0.7,0.8260869565217391
123,2,22,0.33401305140372145,0.6791897889777011,0.3138749780762599,treatment,0.1,0.7,0.9629629629629629
124,2,23,0.6707887298232376,0.31949941284975164,0.6707535553046514,treatment,0.1,0.7,0.8043478260869565
125,2,23,0.33401305140372145,0.6785420637930509,0.3142803385417144,treatment,0.1,0.7,0.9629629629629629
126,2,24,0.6707887298232376,0.31980922532442774,0.6701814683508638,treatment,0.1,0.7,0.8043478260869565
127,2,24,0.33401305140372145,0.6778995494792549,0.31467089575888785,treatment,0.1,0.7,0.9629629629629629
128,2,25,0.6707887298232376,0.32013279721240595,0.6696739917044338,treatment,0.1,0.7,0.8260869565217391
129,2,25,0.33401305140372145,0.6773202949790978,0.3150612416078706,treatment,0.1,0.7,0.9629629629629629
130,2,26,0.6707887298232376,0.32044014882511346,0.6691469089580923,treatment,0.1,0.7,0.8043478260869565
131,2,26,0.33401305140372145,0.6767285234882907,0.31544575097978367,treatment,0.1,0.7,0.9629629629629629
132,2,27,0.6707887298232376,0.3207448334191566,0.668617705243085,treatment,0.1,0.7,0.8043478260869565
133,2,27,0.33401305140372145,0.676132213230936,0.3158257107298641,treatment,0.1,0.7,0.9629629629629629
134,2,28,0.6707887298232376,0.3210418706970385,0.6681144760668607,treatment,0.1,0.7,0.8043478260869565
135,2,28,0.33401305140372145,0.675565177571729,0.3161952910241815,treatment,0.1,0.7,0.9629629629629629
136,3,1,0.6903012798659353,0.31100526487967084,0.6902529444253667,treatment,0.1,0.7,0.8780487804878049
137,3,1,0.3165594638859843,0.6848134522693304,0.3170945492018518,treatment,0.1,0.7,0.7966101694915254
138,3,2,0.6903012798659353,0.26724118031596134,0.7343493410104001,treatment,0.1,0.7,0.9024390243902439
139,3,2,0.3165594638859843,0.7229050301170445,0.28020214312221287,treatment,0.1,0.7,0.7966101694915254
140,3,3,0.6903012798659353,0.25374326253269963,0.7487900318980113,treatment,0.1,0.7,0.9024390243902439
141,3,3,0.3165594638859843,0.7381189328328092,0.26596944722112564,treatment,0.1,0.7,0.8135593220338984
142,3,4,0.6903012798659353,0.1864381400139038,0.8159641773374499,treatment,0.1,0.7,0.9024390243902439
143,3,4,0.3165594638859843,0.8054385958404584,0.19803260244930054,treatment,0.1,0.7,0.847457627118644
144,3,5,0.6903012798659353,0.16892216005097072,0.8337870616320169,treatment,0.1,0.7,0.9024390243902439
145,3,5,0.3165594638859843,0.8223064505419544,0.1815298899886678,treatment,0.1,0.7,0.847457627118644
146,3,6,0.6903012798659353,0.18499068919829728,0.8175962949216596,treatment,0.1,0.7,0.9024390243902439
147,3,6,0.3165594638859843,0.8072067801119821,0.19657631914578214,treatment,0.1,0.7,0.847457627118644
148,3,7,0.6903012798659353,0.1682879603096681,0.8344940738996639,treatment,0.1,0.7,0.9024390243902439
149,3,7,0.3165594638859843,0.8231606941095012,0.18085592995838629,treatment,0.1,0.7,0.847457627118644
150,3,8,0.6903012798659353,0.18494171318857677,0.8179989644650087,treatment,0.1,0.7,0.9024390243902439
151,3,8,0.3165594638859843,0.80774191954179,0.196465647742674,treatment,0.1,0.7,0.847457627118644
152,3,9,0.6903012798659353,0.1681349536467469,0.8347972410013669,treatment,0.1,0.7,0.9024390243902439
153,3,9,0.3165594638859843,0.823577141140541,0.1806579689641738,treatment,0.1,0.7,0.847457627118644
154,3,10,0.6903012798659353,0.18488480039064084,0.8181968739978613,treatment,0.1,0.7,0.9024390243902439
155,3,10,0.3165594638859843,0.8080399161292813,0.19636600289510692,treatment,0.1,0.7,0.847457627118644
156,3,11,0.6903012798659353,0.16818871947091094,0.8349457238216776,treatment,0.1,0.7,0.9024390243902439
157,3,11,0.3165594638859843,0.8238131946185536,0.18066865645807798,treatment,0.1,0.7,0.847457627118644
158,3,12,0.6903012798659353,0.18464026601599132,0.8183295132163454,treatment,0.1,0.7,0.9024390243902439
159,3,12,0.3165594638859843,0.80824858282832,0.19610171724788558,treatment,0.1,0.7,0.847457627118644
160,3,13,0.6903012798659353,0.16793274776151057,0.8351306726136473,treatment,0.1,0.7,0.9024390243902439
161,3,13,0.3165594638859843,0.8240607589496514,0.18039784260512148,treatment,0.1,0.7,0.847457627118644
162,3,14,0.6903012798659353,0.1845241431962855,0.8183422294802737,treatment,0.1,0.7,0.9024390243902439
163,3,14,0.3165594638859843,0.808325942125528,0.19596571955243391,treatment,0.1,0.7,0.847457627118644
164,3,15,0.6903012798659353,0.1681010069749496,0.8351752395315502,treatment,0.1,0.7,0.9024390243902439
165,3,15,0.3165594638859843,0.8241609397756767,0.18053182111881455,treatment,0.1,0.7,0.847457627118644
166,3,16,0.6903012798659353,0.1847591448739928,0.8187154031724272,treatment,0.1,0.7,0.9024390243902439
167,3,16,0.3165594638859843,0.8087287143072575,0.1961648439171983,treatment,0.1,0.7,0.847457627118644
168,3,17,0.6903012798659353,0.16794582735212157,0.8351128459993408,treatment,0.1,0.7,0.9024390243902439
169,3,17,0.3165594638859843,0.824149566435889,0.1803666434530984,treatment,0.1,0.7,0.847457627118644
170,3,18,0.6903012798659353,0.1846655183762605,0.8185468154618394,treatment,0.1,0.7,0.9024390243902439
171,3,18,0.3165594638859843,0.8086132167667777,0.1960592818431951,treatment,0.1,0.7,0.847457627118644
172,3,19,0.6903012798659353,0.16799408596837873,0.8352339449797351,treatment,0.1,0.7,0.9024390243902439
173,3,19,0.3165594638859843,0.8243022942932602,0.18039589251252522,treatment,0.1,0.7,0.847457627118644
174,3,20,0.6903012798659353,0.18462674264138368,0.8185614892515104,treatment,0.1,0.7,0.9024390243902439
175,3,20,0.3165594638859843,0.8086626789741483,0.19600816869806045,treatment,0.1,0.7,0.847457627118644
176,3,21,0.6903012798659353,0.16781857769108136,0.8352760516390018,treatment,0.1,0.7,0.9024390243902439
177,3,21,0.3165594638859843,0.8243746013632909,0.18021757885224024,treatment,0.1,0.7,0.847457627118644
178,3,22,0.6903012798659353,0.18437685640081147,0.8187070116486994,treatment,0.1,0.7,0.9024390243902439
179,3,22,0.3165594638859843,0.8088295281905971,0.19576106853794578,treatment,0.1,0.7,0.847457627118644
180,3,23,0.6903012798659353,0.1678224256833334,0.8353306342966282,treatment,0.1,0.7,0.9024390243902439
181,3,23,0.3165594638859843,0.82445377013875,0.180209693866856,treatment,0.1,0.7,0.847457627118644
182,3,24,0.6903012798659353,0.1844888228828877,0.8187136939510693,treatment,0.1,0.7,0.9024390243902439
183,3,24,0.3165594638859843,0.8088616829311659,0.1958555520062823,treatment,0.1,0.7,0.847457627118644
184,3,25,0.6903012798659353,0.16797456131777727,0.8353685316021192,treatment,0.1,0.7,0.9024390243902439
185,3,25,0.3165594638859843,0.8245134202489879,0.18034264805497785,treatment,0.1,0.7,0.847457627118644
186,3,26,0.6903012798659353,0.18446569467824722,0.8188557910911839,treatment,0.1,0.7,0.9024390243902439
187,3,26,0.3165594638859843,0.8090175517075576,0.19582459299904129,treatment,0.1,0.7,0.847457627118644
188,3,27,0.6903012798659353,0.1678564769586397,0.8355610699485102,treatment,0.1,0.7,0.9024390243902439
189,3,27,0.3165594638859843,0.8247151851064893,0.18022312452879213,treatment,0.1,0.7,0.847457627118644
190,3,28,0.6903012798659353,0.1843137592685465,0.8188254276161513,treatment,0.1,0.7,0.9024390243902439
191,3,28,0.3165594638859843,0.8090086634700906,0.19567382939550548,treatment,0.1,0.7,0.847457627118644
192,3,29,0.6903012798659353,0.16785917580338733,0.8355110223850222,treatment,0.1,0.7,0.9024390243902439
193,3,29,0.3165594638859843,0.8246866034419873,0.18021807193402628,treatment,0.1,0.7,0.847457627118644
194,3,30,0.6903012798659353,0.18452104186978568,0.8187198800551655,treatment,0.1,0.7,0.9024390243902439
195,3,30,0.3165594638859843,0.8089268628993976,0.19586134949207257,treatment,0.1,0.7,0.847457627118644
196,3,31,0.6903012798659353,0.16783354802943434,0.8355081666773192,treatment,0.1,0.7,0.9024390243902439
197,3,31,0.3165594638859843,0.8247002336841204,0.18018728561624037,treatment,0.1,0.7,0.847457627118644
198,3,32,0.6903012798659353,0.18445685595502123,0.8186987882848091,treatment,0.1,0.7,0.9024390243902439
199,3,32,0.3165594638859843,0.80892244857001,0.1957947330202815,treatment,0.1,0.7,0.847457627118644
200,3,33,0.6903012798659353,0.16777957169430516,0.8354068177029835,treatment,0.1,0.7,0.9024390243902439
201,3,33,0.3165594638859843,0.8246196079389361,0.1801306043611042,treatment,0.1,0.7,0.847457627118644
202,3,34,0.6903012798659353,0.18462265152556084,0.8188532120886102,treatment,0.1,0.7,0.9024390243902439
203,3,34,0.3165594638859843,0.8090812362156222,0.19594475382018078,treatment,0.1,0.7,0.847457627118644
204,3,35,0.6903012798659353,0.1677713110391777,0.835677417705779,treatment,0.1,0.7,0.9024390243902439
205,3,35,0.3165594638859843,0.8248867779011297,0.18011746825540864,treatment,0.1,0.7,0.847457627118644
206,4,1,0.6812695007555277,0.3131308578078804,0.7651862384578085,treatment,0.1,0.7,0.8367346938775511
207,4,1,0.2943119350448858,0.7565927951480735,0.3167981066798134,treatment,0.1,0.7,0.7843137254901961
208,4,2,0.6812695007555277,0.3118647253342064,0.7667285732063448,treatment,0.1,0.7,0.8367346938775511
209,4,2,0.2943119350448858,0.7582160331907867,0.31539393672909666,treatment,0.1,0.7,0.803921568627451
210,4,3,0.6812695007555277,0.31237522906310866,0.7648993639543539,treatment,0.1,0.7,0.8367346938775511
211,4,3,0.2943119350448858,0.7596873655437908,0.3145441460360359,treatment,0.1,0.7,0.7647058823529411
212,4,4,0.6812695007555277,0.269313132521291,0.7692572800378171,treatment,0.1,0.7,0.8775510204081632
213,4,4,0.2943119350448858,0.7608213129399217,0.2781486377291162,treatment,0.1,0.7,0.7647058823529411
214,4,5,0.6812695007555277,0.2691009933945749,0.7686149962850719,treatment,0.1,0.7,0.8775510204081632
215,4,5,0.2943119350448858,0.7604102762888769,0.27501619621298085,treatment,0.1,0.7,0.8235294117647058
216,4,6,0.6812695007555277,0.2549909752206476,0.7697073330483634,treatment,0.1,0.7,0.8775510204081632
217,4,6,0.2943119350448858,0.7615200799692387,0.26167230817646225,treatment,0.1,0.7,0.8235294117647058
218,4,7,0.6812695007555277,0.1814795818365113,0.7769580948326217,treatment,0.1,0.7,0.9183673469387755
219,4,7,0.2943119350448858,0.7626782806261396,0.2001384463405784,treatment,0.1,0.7,0.8235294117647058
220,4,8,0.6812695007555277,0.16417490150668262,0.7777904995674153,treatment,0.1,0.7,0.8979591836734694
221,4,8,0.2943119350448858,0.763591454600018,0.18411808257440127,treatment,0.1,0.7,0.8235294117647058
222,4,9,0.6812695007555277,0.1803499161604896,0.7785155227468182,treatment,0.1,0.7,0.8979591836734694
223,4,9,0.2943119350448858,0.7643860797219768,0.1988207963538321,treatment,0.1,0.7,0.8235294117647058
224,4,10,0.6812695007555277,0.16303496427860856,0.7792787039950948,treatment,0.1,0.7,0.9183673469387755
225,4,10,0.2943119350448858,0.7680533347462151,0.17907672493803228,treatment,0.1,0.7,0.8431372549019608
226,4,11,0.6812695007555277,0.17966918688257177,0.7797521090411554,treatment,0.1,0.7,0.8979591836734694
227,4,11,0.2943119350448858,0.7685496182232994,0.19427784878037402,treatment,0.1,0.7,0.8235294117647058
228,4,12,0.6812695007555277,0.15867658612528465,0.7832531537774249,treatment,0.1,0.7,0.9183673469387755
229,4,12,0.2943119350448858,0.7690632956256708,0.17894530932037928,treatment,0.1,0.7,0.8235294117647058
230,4,13,0.6812695007555277,0.17553495689799065,0.7836484301179436,treatment,0.1,0.7,0.9183673469387755
231,4,13,0.2943119350448858,0.7694437317615532,0.19409515903942368,treatment,0.1,0.7,0.8235294117647058
232,4,14,0.6812695007555277,0.15855095686053589,0.7840879909495826,treatment,0.1,0.7,0.9387755102040817
233,4,14,0.2943119350448858,0.7698881260386383,0.17890180960568103,treatment,0.1,0.7,0.8235294117647058
234,4,15,0.6812695007555277,0.17542429710730395,0.7843750772595848,treatment,0.1,0.7,0.9183673469387755
235,4,15,0.2943119350448858,0.7702130334321342,0.19398941764929833,treatment,0.1,0.7,0.8235294117647058
236,4,16,0.6812695007555277,0.15873364295787917,0.7846023842220206,treatment,0.1,0.7,0.9183673469387755
237,4,16,0.2943119350448858,0.7704537597473541,0.17869599680683473,treatment,0.1,0.7,0.8235294117647058
238,4,17,0.6812695007555277,0.17525627270760374,0.7848699970955562,treatment,0.1,0.7,0.9183673469387755
239,4,17,0.2943119350448858,0.7707249829951707,0.19384975751584158,treatment,0.1,0.7,0.8235294117647058
240,4,18,0.6812695007555277,0.1587622320301184,0.7849593093030958,treatment,0.1,0.7,0.8979591836734694
241,4,18,0.2943119350448858,0.7710782587760654,0.1782868960030856,treatment,0.1,0.7,0.8431372549019608
242,4,19,0.6812695007555277,0.17522564107887365,0.785154999878841,treatment,0.1,0.7,0.9183673469387755
243,4,19,0.2943119350448858,0.7741309020197409,0.1896377806910573,treatment,0.1,0.7,0.8431372549019608
244,4,20,0.6812695007555277,0.15815171723186222,0.7854006559840883,treatment,0.1,0.7,0.9387755102040817
245,4,20,0.2943119350448858,0.7743052630400835,0.17409346100231196,treatment,0.1,0.7,0.8431372549019608
246,4,21,0.6812695007555277,0.17518610486873243,0.7854832739718957,treatment,0.1,0.7,0.9183673469387755
247,4,21,0.2943119350448858,0.774386286146444,0.18939723584740603,treatment,0.1,0.7,0.8235294117647058
248,4,22,0.6812695007555277,0.1586576349763182,0.7856183030511759,treatment,0.1,0.7,0.9183673469387755
249,4,22,0.2943119350448858,0.774491517410242,0.17431482373954635,treatment,0.1,0.7,0.8235294117647058
250,4,23,0.6812695007555277,0.1752212014428564,0.785676704436283,treatment,0.1,0.7,0.9183673469387755
251,4,23,0.2943119350448858,0.7745239855109941,0.189566353613025,treatment,0.1,0.7,0.8235294117647058
252,4,24,0.6812695007555277,0.15822045575033497,0.7857465461955409,treatment,0.1,0.7,0.9183673469387755
253,4,24,0.2943119350448858,0.7745889754369192,0.17434871824735687,treatment,0.1,0.7,0.8235294117647058
254,4,25,0.6812695007555277,0.17510263500898568,0.7858420664884974,treatment,0.1,0.7,0.9183673469387755
255,4,25,0.2943119350448858,0.7747953283367542,0.18964346538007135,treatment,0.1,0.7,0.8431372549019608
256,4,26,0.6812695007555277,0.15800988269677688,0.7860003013521497,treatment,0.1,0.7,0.9387755102040817
257,4,26,0.2943119350448858,0.7750731122894046,0.17374642623354017,treatment,0.1,0.7,0.8627450980392157
258,4,27,0.6812695007555277,0.17498618485796116,0.7860424334565939,treatment,0.1,0.7,0.9183673469387755
259,4,27,0.2943119350448858,0.7751298150359244,0.18931050321649018,treatment,0.1,0.7,0.8431372549019608
260,4,28,0.6812695007555277,0.1579905148025558,0.7861511146683298,treatment,0.1,0.7,0.9387755102040817
261,4,28,0.2943119350448858,0.7751896316285172,0.17418379434790934,treatment,0.1,0.7,0.8235294117647058
262,5,1,0.6462287010549677,0.30835054507683574,0.7766098065768222,treatment,0.1,0.7,0.9090909090909091
263,5,1,0.3181004131526947,0.7620988158406826,0.31461841416891007,treatment,0.1,0.7,0.8222222222222222
264,5,2,0.6462287010549677,0.2616428406556616,0.7829586655440819,treatment,0.1,0.7,0.9454545454545454
265,5,2,0.3181004131526947,0.7661770023503965,0.27347196199292356,treatment,0.1,0.7,0.8444444444444444
266,5,3,0.6462287010549677,0.24689004652009205,0.7832300983066531,treatment,0.1,0.7,0.9454545454545454
267,5,3,0.3181004131526947,0.7665057985886217,0.2601746626844945,treatment,0.1,0.7,0.8444444444444444
268,5,4,0.6462287010549677,0.17306013639739629,0.7864711362561843,treatment,0.1,0.7,0.9636363636363636
269,5,4,0.3181004131526947,0.7741661790427877,0.18825565663906121,treatment,0.1,0.7,0.8888888888888888
270,5,5,0.6462287010549677,0.15432387206060613,0.7866746604889248,treatment,0.1,0.7,0.9636363636363636
271,5,5,0.3181004131526947,0.7743893796919171,0.17135979458401876,treatment,0.1,0.7,0.8666666666666667
272,5,6,0.6462287010549677,0.17168644237116112,0.7868086842576076,treatment,0.1,0.7,0.9636363636363636
273,5,6,0.3181004131526947,0.7745365969086573,0.18694708732175108,treatment,0.1,0.7,0.8666666666666667
274,5,7,0.6462287010549677,0.15371972962335037,0.7869786262254012,treatment,0.1,0.7,0.9636363636363636
275,5,7,0.3181004131526947,0.7747064414798719,0.17077232455108196,treatment,0.1,0.7,0.8666666666666667
276,5,8,0.6462287010549677,0.17114424161217787,0.7870070636360261,treatment,0.1,0.7,0.9454545454545454
277,5,8,0.3181004131526947,0.7748639020114498,0.18645668968422513,treatment,0.1,0.7,0.8888888888888888
278,5,9,0.6462287010549677,0.15357954496203852,0.7870873299233406,treatment,0.1,0.7,0.9636363636363636
279,5,9,0.3181004131526947,0.7749177005660689,0.17040362372673973,treatment,0.1,0.7,0.8666666666666667
280,5,10,0.6462287010549677,0.17150009210321787,0.7872453799641745,treatment,0.1,0.7,0.9636363636363636
281,5,10,0.3181004131526947,0.7750602590989129,0.18653212148028797,treatment,0.1,0.7,0.8666666666666667
282,5,11,0.6462287010549677,0.15361719485958963,0.7873001417388871,treatment,0.1,0.7,0.9636363636363636
283,5,11,0.3181004131526947,0.7751990002771422,0.16989202216935,treatment,0.1,0.7,0.8888888888888888
284,5,12,0.6462287010549677,0.17107990018393196,0.7873304771004145,treatment,0.1,0.7,0.9454545454545454
285,5,12,0.3181004131526947,0.7752202184060024,0.18589017134324015,treatment,0.1,0.7,0.8666666666666667
286,5,13,0.6462287010549677,0.15358463381672222,0.7874394020096716,treatment,0.1,0.7,0.9636363636363636
287,5,13,0.3181004131526947,0.7752854859901197,0.16992593485649718,treatment,0.1,0.7,0.8666666666666667
288,5,14,0.6462287010549677,0.17143192158426543,0.7874666447658882,treatment,0.1,0.7,0.9636363636363636
289,5,14,0.3181004131526947,0.7753930197976713,0.18623969478268912,treatment,0.1,0.7,0.8888888888888888
290,5,15,0.6462287010549677,0.15393664108300995,0.7874173665224324,treatment,0.1,0.7,0.9454545454545454
291,5,15,0.3181004131526947,0.7753390849806875,0.17019880856825487,treatment,0.1,0.7,0.8666666666666667
292,5,16,0.6462287010549677,0.1712729435656721,0.7874902239155894,treatment,0.1,0.7,0.9636363636363636
293,5,16,0.3181004131526947,0.7753692077307137,0.18615683566815314,treatment,0.1,0.7,0.8666666666666667
294,5,17,0.6462287010549677,0.1539910770539607,0.787472232500567,treatment,0.1,0.7,0.9454545454545454
295,5,17,0.3181004131526947,0.775434604551402,0.16975173073570188,treatment,0.1,0.7,0.8888888888888888
296,5,18,0.6462287010549677,0.1715491653883795,0.7875607589902074,treatment,0.1,0.7,0.9636363636363636
297,5,18,0.3181004131526947,0.7754750524385152,0.18591857390659997,treatment,0.1,0.7,0.8666666666666667
298,5,19,0.6462287010549677,0.15361069944580283,0.7875267918837691,treatment,0.1,0.7,0.9636363636363636
299,5,19,0.3181004131526947,0.7754875922586398,0.1697018069044977,treatment,0.1,0.7,0.8888888888888888
300,5,20,0.6462287010549677,0.171312580065858,0.7876395035390418,treatment,0.1,0.7,0.9636363636363636
301,5,20,0.3181004131526947,0.7755697968553849,0.18566855198260857,treatment,0.1,0.7,0.8666666666666667
302,6,1,0.6994194007596736,0.31615313683152774,0.6849417286351379,treatment,0.1,0.7,0.8043478260869565
303,6,1,0.33626702238743594,0.6881938421872374,0.3126760324040657,treatment,0.1,0.7,0.8518518518518519
304,6,2,0.6994194007596736,0.2757639101442063,0.7256800978096897,treatment,0.1,0.7,0.8260869565217391
305,6,2,0.33626702238743594,0.7326538745419467,0.26832643775694787,treatment,0.1,0.7,0.8888888888888888
306,6,3,0.6994194007596736,0.260070735936142,0.7415569608066287,treatment,0.1,0.7,0.8478260869565217
307,6,3,0.33626702238743594,0.7465949137982525,0.25462196747993127,treatment,0.1,0.7,0.8888888888888888
308,6,4,0.6994194007596736,0.18336343747145617,0.8177744253717437,treatment,0.1,0.7,0.9130434782608695
309,6,4,0.33626702238743594,0.820253515222172,0.18072017016501013,treatment,0.1,0.7,0.9259259259259259
310,6,5,0.6994194007596736,0.16555147441939308,0.8358234390581439,treatment,0.1,0.7,0.9130434782608695
311,6,5,0.33626702238743594,0.8423657573797163,0.1585634568410661,treatment,0.1,0.7,0.9444444444444444
312,6,6,0.6994194007596736,0.18196250372393152,0.8199613238084156,treatment,0.1,0.7,0.9130434782608695
313,6,6,0.33626702238743594,0.825861162476834,0.17559290840114883,treatment,0.1,0.7,0.9444444444444444
314,6,7,0.6994194007596736,0.16483887953651982,0.8369133634177068,treatment,0.1,0.7,0.9130434782608695
315,6,7,0.33626702238743594,0.8433168801448837,0.15792457613916544,treatment,0.1,0.7,0.9444444444444444
316,6,8,0.6994194007596736,0.18159352844799037,0.820370024491827,treatment,0.1,0.7,0.9130434782608695
317,6,8,0.33626702238743594,0.826138483247324,0.17529227616454082,treatment,0.1,0.7,0.9444444444444444
318,6,9,0.6994194007596736,0.16458745574495284,0.8375481917860428,treatment,0.1,0.7,0.9130434782608695
319,6,9,0.33626702238743594,0.8438514972433873,0.15773250493697374,treatment,0.1,0.7,0.9444444444444444
320,6,10,0.6994194007596736,0.1813648561955233,0.8208424913442606,treatment,0.1,0.7,0.9130434782608695
321,6,10,0.33626702238743594,0.8265233162765255,0.17511361999759942,treatment,0.1,0.7,0.9444444444444444
322,6,11,0.6994194007596736,0.164383509323687,0.8378852713347379,treatment,0.1,0.7,0.9130434782608695
323,6,11,0.33626702238743594,0.8441106705478783,0.15757141074087017,treatment,0.1,0.7,0.9444444444444444
324,6,12,0.6994194007596736,0.1811402311686066,0.82110444731992,treatment,0.1,0.7,0.9130434782608695
325,6,12,0.33626702238743594,0.8267163693077038,0.17492468012771487,treatment,0.1,0.7,0.9444444444444444
326,6,13,0.6994194007596736,0.16444869565937265,0.8379415717784277,treatment,0.1,0.7,0.9130434782608695
327,6,13,0.33626702238743594,0.8441004668941988,0.1576769719535909,treatment,0.1,0.7,0.9444444444444444
328,6,14,0.6994194007596736,0.18127655454623515,0.8211589619867431,treatment,0.1,0.7,0.9130434782608695
329,6,14,0.33626702238743594,0.8267121605856776,0.17509945548598405,treatment,0.1,0.7,0.9444444444444444
330,6,15,0.6994194007596736,0.16426824293715983,0.8380309540179608,treatment,0.1,0.7,0.9130434782608695
331,6,15,0.33626702238743594,0.8441388912660853,0.15752041820032034,treatment,0.1,0.7,0.9444444444444444
332,6,16,0.6994194007596736,0.18103770002950123,0.8213016463607662,treatment,0.1,0.7,0.9130434782608695
333,6,16,0.33626702238743594,0.826811273508747,0.17487939728433166,treatment,0.1,0.7,0.9444444444444444
334,6,17,0.6994194007596736,0.1643149068783473,0.838253583105185,treatment,0.1,0.7,0.9130434782608695
335,6,17,0.33626702238743594,0.8443254368320673,0.1575930577124295,treatment,0.1,0.7,0.9444444444444444
336,6,18,0.6994194007596736,0.18126274225918731,0.8215478567205132,treatment,0.1,0.7,0.9130434782608695
337,6,18,0.33626702238743594,0.827026287123313,0.1751342788793883,treatment,0.1,0.7,0.9444444444444444
338,6,19,0.6994194007596736,0.164217325822282,0.8382882221301956,treatment,0.1,0.7,0.9130434782608695
339,6,19,0.33626702238743594,0.8443251340390852,0.15751225303330496,treatment,0.1,0.7,0.9444444444444444
340,6,20,0.6994194007596736,0.1810030071669384,0.8213413848653033,treatment,0.1,0.7,0.9130434782608695
341,6,20,0.33626702238743594,0.826779660803164,0.17488402761360547,treatment,0.1,0.7,0.9444444444444444
342,7,1,0.68724053211926,0.3091299783513038,0.6913844505189316,treatment,0.1,0.7,0.8958333333333334
343,7,1,0.3167681606849762,0.6854623071546304,0.3153739424925617,treatment,0.1,0.7,0.8076923076923077
344,7,2,0.68724053211926,0.2670495243433282,0.7334968498213185,treatment,0.1,0.7,0.8958333333333334
345,7,2,0.3167681606849762,0.7259450330236337,0.27498888059317045,treatment,0.1,0.7,0.8269230769230769
346,7,3,0.68724053211926,0.25326116338574867,0.7474911759481163,treatment,0.1,0.7,0.8958333333333334
347,7,3,0.3167681606849762,0.739089756733017,0.26213312961258306,treatment,0.1,0.7,0.8269230769230769
348,7,4,0.68724053211926,0.18186847697039824,0.8183247431073731,treatment,0.1,0.7,0.9166666666666666
349,7,4,0.3167681606849762,0.8158459623656301,0.18442931880823954,treatment,0.1,0.7,0.9038461538461539
350,7,5,0.68724053211926,0.16387872767473946,0.836475732185356,treatment,0.1,0.7,0.9166666666666666
351,7,5,0.3167681606849762,0.841879679198774,0.15836068944815715,treatment,0.1,0.7,0.9423076923076923
352,7,6,0.68724053211926,0.18041916595983176,0.8200099921769134,treatment,0.1,0.7,0.9166666666666666
353,7,6,0.3167681606849762,0.8255165747290167,0.17480856846873377,treatment,0.1,0.7,0.9038461538461539
354,7,7,0.68724053211926,0.1630916336650511,0.8372137998585898,treatment,0.1,0.7,0.9166666666666666
355,7,7,0.3167681606849762,0.8425491783844772,0.15768415837886346,treatment,0.1,0.7,0.9423076923076923
356,7,8,0.68724053211926,0.17978491273386768,0.8203008961041721,treatment,0.1,0.7,0.9166666666666666
357,7,8,0.3167681606849762,0.8257575305393612,0.17426292250090114,treatment,0.1,0.7,0.9038461538461539
358,7,9,0.68724053211926,0.16238421016843532,0.8375951286010618,treatment,0.1,0.7,0.9166666666666666
359,7,9,0.3167681606849762,0.8428794103087244,0.15704873265890854,treatment,0.1,0.7,0.9423076923076923
360,7,10,0.68724053211926,0.17947188898173314,0.820770346393784,treatment,0.1,0.7,0.9166666666666666
361,7,10,0.3167681606849762,0.8261841947516598,0.1740071323870499,treatment,0.1,0.7,0.9038461538461539
362,7,11,0.68724053211926,0.1622290009265087,0.8377015161432867,treatment,0.1,0.7,0.9166666666666666
363,7,11,0.3167681606849762,0.8429434805981744,0.15695649152048924,treatment,0.1,0.7,0.9423076923076923
364,7,12,0.68724053211926,0.17929687354422782,0.8209689006401423,treatment,0.1,0.7,0.9166666666666666
365,7,12,0.3167681606849762,0.8263452146129077,0.17388874942542404,treatment,0.1,0.7,0.9038461538461539
366,7,13,0.68724053211926,0.16220029234754332,0.8379005268584372,treatment,0.1,0.7,0.9166666666666666
367,7,13,0.3167681606849762,0.8431134221251411,0.1569784519672872,treatment,0.1,0.7,0.9423076923076923
368,7,14,0.68724053211926,0.17918748327748976,0.8209855810088079,treatment,0.1,0.7,0.9166666666666666
369,7,14,0.3167681606849762,0.8263378475247674,0.17382635908914554,treatment,0.1,0.7,0.9038461538461539
370,7,15,0.68724053211926,0.1620184748989555,0.8379716222901147,treatment,0.1,0.7,0.9166666666666666
371,7,15,0.3167681606849762,0.8431591620916901,0.15683218455510253,treatment,0.1,0.7,0.9423076923076923
372,7,16,0.68724053211926,0.17896078675811697,0.8209899737075634,treatment,0.1,0.7,0.9166666666666666
373,7,16,0.3167681606849762,0.8263198406496787,0.17363233497629332,treatment,0.1,0.7,0.9038461538461539
374,7,17,0.68724053211926,0.16205250445790628,0.8380686737651409,treatment,0.1,0.7,0.9166666666666666
375,7,17,0.3167681606849762,0.843236792554002,0.1569000616691489,treatment,0.1,0.7,0.9423076923076923
376,7,18,0.68724053211926,0.17902551979503836,0.821095303752016,treatment,0.1,0.7,0.9166666666666666
377,7,18,0.3167681606849762,0.826407252998009,0.17372891500748786,treatment,0.1,0.7,0.9038461538461539
378,7,19,0.68724053211926,0.161940529691507,0.8379099182964849,treatment,0.1,0.7,0.9166666666666666
379,7,19,0.3167681606849762,0.8430553103274367,0.15681212943306452,treatment,0.1,0.7,0.9423076923076923
380,8,1,0.6856933498159716,0.3117933466772163,0.6896544061934667,treatment,0.1,0.7,0.8695652173913043
381,8,1,0.34262673144668954,0.6884687221369599,0.31313488444023546,treatment,0.1,0.7,0.8518518518518519
382,8,2,0.6856933498159716,0.3129879483406577,0.6897445199567082,treatment,0.1,0.7,0.8695652173913043
383,8,2,0.34262673144668954,0.6886445670119551,0.31434114817532255,treatment,0.1,0.7,0.8518518518518519
384,8,3,0.6856933498159716,0.31410705224133506,0.6896754622168424,treatment,0.1,0.7,0.8695652173913043
385,8,3,0.34262673144668954,0.6886394636913173,0.3154631673364708,treatment,0.1,0.7,0.8518518518518519
386,8,4,0.6856933498159716,0.3151640566496205,0.6895158602660054,treatment,0.1,0.7,0.8695652173913043
387,8,4,0.34262673144668954,0.6885300236569492,0.3165179240395346,treatment,0.1,0.7,0.8518518518518519
388,8,5,0.6856933498159716,0.31618199599255764,0.6892933675917435,treatment,0.1,0.7,0.8695652173913043
389,8,5,0.34262673144668954,0.6883485493919026,0.31753012614353093,treatment,0.1,0.7,0.8518518518518519
390,8,6,0.6856933498159716,0.31716671039164873,0.6890297708350279,treatment,0.1,0.7,0.8695652173913043
391,8,6,0.34262673144668954,0.6881195111195783,0.3185067803955952,treatment,0.1,0.7,0.8518518518518519
392,8,7,0.6856933498159716,0.3181123953324178,0.6887426344774671,treatment,0.1,0.7,0.8695652173913043
393,8,7,0.34262673144668954,0.6878621056802829,0.31944301862476937,treatment,0.1,0.7,0.8518518518518519
394,8,8,0.6856933498159716,0.3190346221432828,0.688432218011686,treatment,0.1,0.7,0.8695652173913043
395,8,8,0.34262673144668954,0.6875779140498071,0.3203546403680169,treatment,0.1,0.7,0.8518518518518519
396,8,9,0.6856933498159716,0.3199248663154108,0.6881083704229968,treatment,0.1,0.7,0.8695652173913043
397,8,9,0.34262673144668954,0.6872775031184601,0.32123367235009537,treatment,0.1,0.7,0.8518518518518519
398,8,10,0.6856933498159716,0.32080147892900984,0.6877810079016501,treatment,0.1,0.7,0.8695652173913043
399,8,10,0.34262673144668954,0.6869712431746471,0.32209836153733273,treatment,0.1,0.7,0.8518518518518519
400,8,11,0.6856933498159716,0.3216407940300075,0.6874431132448986,treatment,0.1,0.7,0.8695652173913043
401,8,11,0.34262673144668954,0.686652741094698,0.32292572184314766,treatment,0.1,0.7,0.8518518518518519
402,8,12,0.6856933498159716,0.32246354174920466,0.6871019469093411,treatment,0.1,0.7,0.8695652173913043
403,8,12,0.34262673144668954,0.6863294702890648,0.3237362094553302,treatment,0.1,0.7,0.8518518518518519
404,8,13,0.6856933498159716,0.3232661944824572,0.6867603636828601,treatment,0.1,0.7,0.8695652173913043
405,8,13,0.34262673144668954,0.6860045033382224,0.3245264820628454,treatment,0.1,0.7,0.8518518518518519
406,8,14,0.6856933498159716,0.32404245955195454,0.686418404519276,treatment,0.1,0.7,0.8695652173913043
407,8,14,0.34262673144668954,0.6856780949861668,0.3252904633988986,treatment,0.1,0.7,0.8518518518518519
408,8,15,0.6856933498159716,0.32473932241386705,0.7536359400935461,treatment,0.1,0.7,0.8695652173913043
409,8,15,0.34262673144668954,0.7537314798359636,0.3246833310907633,treatment,0.1,0.7,0.8703703703703703
410,8,16,0.6856933498159716,0.3253366001784489,0.7526858822189201,treatment,0.1,0.7,0.8478260869565217
411,8,16,0.34262673144668954,0.7549501589085288,0.32402078989963445,treatment,0.1,0.7,0.8888888888888888
412,8,17,0.6856933498159716,0.3259050323448056,0.7518163840917687,treatment,0.1,0.7,0.8478260869565217
413,8,17,0.34262673144668954,0.7540558885637088,0.3246151258276814,treatment,0.1,0.7,0.8888888888888888
414,8,18,0.6856933498159716,0.32507913528217597,0.7535470475010143,treatment,0.1,0.7,0.8695652173913043
415,8,18,0.34262673144668954,0.7532613988182809,0.3252547672244561,treatment,0.1,0.7,0.8703703703703703
416,8,19,0.6856933498159716,0.32430206200899475,0.7552943001669287,treatment,0.1,0.7,0.8913043478260869
417,8,19,0.34262673144668954,0.7525488935735742,0.32588913026562205,treatment,0.1,0.7,0.8703703703703703
418,8,20,0.6856933498159716,0.32497165135991474,0.7545045944352273,treatment,0.1,0.7,0.8478260869565217
419,8,20,0.34262673144668954,0.7517821166938581,0.3265526296179406,treatment,0.1,0.7,0.8518518518518519
420,8,21,0.6856933498159716,0.32558598835290625,0.7537316878630848,treatment,0.1,0.7,0.8478260869565217
421,8,21,0.34262673144668954,0.751032085179212,0.32716736239986194,treatment,0.1,0.7,0.8703703703703703
422,8,22,0.6856933498159716,0.32617586468124865,0.7530276889603004,treatment,0.1,0.7,0.8478260869565217
423,8,22,0.34262673144668954,0.7503518983744313,0.32775200760950557,treatment,0.1,0.7,0.8703703703703703
424,8,23,0.6856933498159716,0.3267930883109484,0.7524271014717374,treatment,0.1,0.7,0.8913043478260869
425,8,23,0.34262673144668954,0.7497725538619633,0.3283172664095035,treatment,0.1,0.7,0.8703703703703703
426,8,24,0.6856933498159716,0.3274366199427653,0.7518152623219493,treatment,0.1,0.7,0.8695652173913043
427,8,24,0.34262673144668954,0.7491802854535591,0.3289192012591679,treatment,0.1,0.7,0.8518518518518519
428,8,25,0.6856933498159716,0.32804308174724306,0.7512783741536926,treatment,0.1,0.7,0.8913043478260869
429,8,25,0.34262673144668954,0.7486616353016137,0.3295040007507456,treatment,0.1,0.7,0.8518518518518519
430,8,26,0.6856933498159716,0.32863275364472816,0.7506934835166647,treatment,0.1,0.7,0.8695652173913043
431,8,26,0.34262673144668954,0.7480980246893346,0.3300822114164279,treatment,0.1,0.7,0.8518518518518519
432,8,27,0.6856933498159716,0.3291791524724113,0.7502215748657989,treatment,0.1,0.7,0.8913043478260869
433,8,27,0.34262673144668954,0.7476460923136289,0.3306115150925937,treatment,0.1,0.7,0.8703703703703703
434,8,28,0.6856933498159716,0.32969123632768466,0.7496987964425752,treatment,0.1,0.7,0.8695652173913043
435,8,28,0.34262673144668954,0.7471389922913565,0.33110371621293994,treatment,0.1,0.7,0.8703703703703703
436,9,1,0.6475538919387898,0.30684045228478946,0.7797326974136662,treatment,0.1,0.7,0.9272727272727272
437,9,1,0.32874547392182185,0.7733392447023336,0.3095389219188815,treatment,0.1,0.7,0.8888888888888888
438,9,2,0.6475538919387898,0.2623867070006836,0.7828736251652388,treatment,0.1,0.7,0.9272727272727272
439,9,2,0.32874547392182185,0.77344520713716,0.2691224986809654,treatment,0.1,0.7,0.8666666666666667
440,9,3,0.6475538919387898,0.24685753587922007,0.7830921132725917,treatment,0.1,0.7,0.9454545454545454
441,9,3,0.32874547392182185,0.77363202258916,0.25563183394386657,treatment,0.1,0.7,0.8666666666666667
442,9,4,0.6475538919387898,0.17679549831905092,0.7832526297722765,treatment,0.1,0.7,0.9454545454545454
443,9,4,0.32874547392182185,0.7738809936077007,0.18829021478571586,treatment,0.1,0.7,0.8888888888888888
444,9,5,0.6475538919387898,0.15431989853437067,0.7864665928197783,treatment,0.1,0.7,0.9636363636363636
445,9,5,0.32874547392182185,0.7741370964077553,0.17089053504134852,treatment,0.1,0.7,0.8888888888888888
446,9,6,0.6475538919387898,0.1714344438631797,0.786604136961138,treatment,0.1,0.7,0.9454545454545454
447,9,6,0.32874547392182185,0.7743112702778101,0.18687980773482454,treatment,0.1,0.7,0.8888888888888888
448,9,7,0.6475538919387898,0.1537978331299215,0.7868404290688983,treatment,0.1,0.7,0.9636363636363636
449,9,7,0.32874547392182185,0.7745518534194519,0.17029899108401908,treatment,0.1,0.7,0.8888888888888888
450,9,8,0.6475538919387898,0.17143180660630658,0.7869409861864608,treatment,0.1,0.7,0.9636363636363636
451,9,8,0.32874547392182185,0.7746855126981382,0.18652388981772192,treatment,0.1,0.7,0.8888888888888888
452,9,9,0.6475538919387898,0.15356917785395807,0.7870183121721827,treatment,0.1,0.7,0.9636363636363636
453,9,9,0.32874547392182185,0.7747914501960569,0.17001193619195215,treatment,0.1,0.7,0.8888888888888888
454,9,10,0.6475538919387898,0.17150071115417131,0.7871079047819186,treatment,0.1,0.7,0.9636363636363636
455,9,10,0.32874547392182185,0.7749037585981905,0.186522643347958,treatment,0.1,0.7,0.8888888888888888
456,9,11,0.6475538919387898,0.15352727718110512,0.7872464213374379,treatment,0.1,0.7,0.9636363636363636
457,9,11,0.32874547392182185,0.7786810511108618,0.1650250994705352,treatment,0.1,0.7,0.9111111111111111
458,9,12,0.6475538919387898,0.17136817002784274,0.787277558656129,treatment,0.1,0.7,0.9636363636363636
459,9,12,0.32874547392182185,0.7786959401093978,0.18152153151998324,treatment,0.1,0.7,0.8888888888888888
460,9,13,0.6475538919387898,0.15398532906887968,0.7872502282719155,treatment,0.1,0.7,0.9454545454545454
461,9,13,0.32874547392182185,0.7787238962421914,0.1650634295328197,treatment,0.1,0.7,0.9111111111111111
462,9,14,0.6475538919387898,0.17134543999577914,0.7872696357658466,treatment,0.1,0.7,0.9454545454545454
463,9,14,0.32874547392182185,0.7787336239689441,0.18139440291589135,treatment,0.1,0.7,0.8888888888888888
464,9,15,0.6475538919387898,0.153589899828069,0.7874112599838216,treatment,0.1,0.7,0.9636363636363636
465,9,15,0.32874547392182185,0.7787995482577156,0.1651255914467801,treatment,0.1,0.7,0.8888888888888888
466,9,16,0.6475538919387898,0.17135629403116706,0.7873935347981141,treatment,0.1,0.7,0.9636363636363636
467,9,16,0.32874547392182185,0.7788586161468779,0.18179405090698242,treatment,0.1,0.7,0.9111111111111111
468,9,17,0.6475538919387898,0.15394019035363019,0.7873842684057925,treatment,0.1,0.7,0.9454545454545454
469,9,17,0.32874547392182185,0.778841101167076,0.16542325320932116,treatment,0.1,0.7,0.8888888888888888
